series,series_label,age_Ma,model,TSS_low,TSS_est,TSS_high,Q_discharge
D,Series D — Palaeogeography + Ice + Climate,0,bqart,10764.940851497968,21529.881702995935,43059.76340599187,37011.50193440275
D,Series D — Palaeogeography + Ice + Climate,0,robart,8944.346947085514,17888.69389417103,35777.38778834206,
D,Series D — Palaeogeography + Ice + Climate,6,bqart,10407.592236517688,20815.184473035377,41630.368946070754,34692.742413215616
D,Series D — Palaeogeography + Ice + Climate,6,robart,8549.728655099942,17099.457310199883,34198.914620399766,
D,Series D — Palaeogeography + Ice + Climate,11,bqart,9140.411525469797,18280.823050939594,36561.64610187919,31660.516045004515
D,Series D — Palaeogeography + Ice + Climate,11,robart,7285.132654409721,14570.265308819442,29140.530617638884,
D,Series D — Palaeogeography + Ice + Climate,15,bqart,10558.300759187678,21116.601518375355,42233.20303675071,36432.75493568787
D,Series D — Palaeogeography + Ice + Climate,15,robart,8512.47475428272,17024.94950856544,34049.89901713088,
D,Series D — Palaeogeography + Ice + Climate,20,bqart,9506.453370765295,19012.90674153059,38025.81348306118,34483.38486135264
D,Series D — Palaeogeography + Ice + Climate,20,robart,6797.605079459965,13595.21015891993,27190.42031783986,
D,Series D — Palaeogeography + Ice + Climate,33,bqart,9392.045100410018,18784.090200820036,37568.18040164007,36087.46262808967
D,Series D — Palaeogeography + Ice + Climate,33,robart,7856.188697893139,15712.377395786278,31424.754791572555,
D,Series D — Palaeogeography + Ice + Climate,40,bqart,8498.879503293425,16997.75900658685,33995.5180131737,35772.105815353585
D,Series D — Palaeogeography + Ice + Climate,40,robart,6912.2099208865,13824.419841773,27648.839683546,
D,Series D — Palaeogeography + Ice + Climate,48,bqart,10056.084139002825,20112.16827800565,40224.3365560113,40507.85451563427
D,Series D — Palaeogeography + Ice + Climate,48,robart,8586.198659104073,17172.397318208146,34344.79463641629,
D,Series D — Palaeogeography + Ice + Climate,56,bqart,7916.5997150413195,15833.199430082639,31666.398860165278,37629.76383550573
D,Series D — Palaeogeography + Ice + Climate,56,robart,6436.826835985018,12873.653671970036,25747.307343940072,
D,Series D — Palaeogeography + Ice + Climate,68,bqart,8935.946826352352,17871.893652704704,35743.78730540941,39956.11190211333
D,Series D — Palaeogeography + Ice + Climate,68,robart,6827.327686075052,13654.655372150104,27309.310744300208,
D,Series D — Palaeogeography + Ice + Climate,94,bqart,8644.365391515546,17288.730783031093,34577.461566062186,37033.433253556395
D,Series D — Palaeogeography + Ice + Climate,94,robart,6898.997815965733,13797.995631931466,27595.991263862932,
D,Series D — Palaeogeography + Ice + Climate,100,bqart,9557.419581348977,19114.839162697954,38229.67832539591,43138.712078569406
D,Series D — Palaeogeography + Ice + Climate,100,robart,7088.646318919077,14177.292637838154,28354.58527567631,
D,Series D — Palaeogeography + Ice + Climate,113,bqart,8293.413926842299,16586.827853684597,33173.655707369195,35772.51051056646
D,Series D — Palaeogeography + Ice + Climate,113,robart,6256.568177607536,12513.136355215072,25026.272710430145,
D,Series D — Palaeogeography + Ice + Climate,120,bqart,7695.281181508948,15390.562363017896,30781.124726035792,38521.1828255148
D,Series D — Palaeogeography + Ice + Climate,120,robart,5327.607972496735,10655.21594499347,21310.43188998694,
D,Series D — Palaeogeography + Ice + Climate,133,bqart,7731.035568498342,15462.071136996685,30924.14227399337,38204.36668358006
D,Series D — Palaeogeography + Ice + Climate,133,robart,5544.766776252283,11089.533552504567,22179.067105009133,
D,Series D — Palaeogeography + Ice + Climate,154,bqart,9313.522240967503,18627.044481935005,37254.08896387001,35683.269519331414
D,Series D — Palaeogeography + Ice + Climate,154,robart,6349.646897933063,12699.293795866126,25398.587591732252,
D,Series D — Palaeogeography + Ice + Climate,165,bqart,11421.160199491525,22842.32039898305,45684.6407979661,36428.54908691916
D,Series D — Palaeogeography + Ice + Climate,165,robart,8746.55830142066,17493.11660284132,34986.23320568264,
D,Series D — Palaeogeography + Ice + Climate,180,bqart,10497.757808930603,20995.515617861205,41991.03123572241,33382.848863403095
D,Series D — Palaeogeography + Ice + Climate,180,robart,7600.542182428923,15201.084364857847,30402.168729715693,
D,Series D — Palaeogeography + Ice + Climate,200,bqart,8489.197931398683,16978.395862797366,33956.79172559473,29291.902831761334
D,Series D — Palaeogeography + Ice + Climate,200,robart,5895.589812196744,11791.179624393488,23582.359248786976,
D,Series D — Palaeogeography + Ice + Climate,210,bqart,11149.67389653819,22299.34779307638,44598.69558615276,35544.10102098392
D,Series D — Palaeogeography + Ice + Climate,210,robart,8533.558956271158,17067.117912542315,34134.23582508463,
D,Series D — Palaeogeography + Ice + Climate,220,bqart,16136.373005393101,32272.746010786203,64545.492021572405,37965.31348287959
D,Series D — Palaeogeography + Ice + Climate,220,robart,13747.374706464783,27494.749412929566,54989.49882585913,
D,Series D — Palaeogeography + Ice + Climate,230,bqart,15518.268122159712,31036.536244319424,62073.07248863885,37855.714002850844
D,Series D — Palaeogeography + Ice + Climate,230,robart,13332.998018045742,26665.996036091485,53331.99207218297,
D,Series D — Palaeogeography + Ice + Climate,240,bqart,13851.091511440882,27702.183022881763,55404.36604576353,36764.41661481012
D,Series D — Palaeogeography + Ice + Climate,240,robart,11946.809628142604,23893.61925628521,47787.23851257042,
D,Series D — Palaeogeography + Ice + Climate,250,bqart,13255.652763006741,26511.305526013482,53022.611052026965,30535.015572304357
D,Series D — Palaeogeography + Ice + Climate,250,robart,10846.849589898724,21693.699179797448,43387.398359594896,
D,Series D — Palaeogeography + Ice + Climate,270,bqart,16345.036923763659,32690.073847527317,65380.147695054635,38021.5442312673
D,Series D — Palaeogeography + Ice + Climate,270,robart,14671.112710067355,29342.22542013471,58684.45084026942,
D,Series D — Palaeogeography + Ice + Climate,290,bqart,16075.727505662642,32151.455011325284,64302.91002265057,36658.482354098174
D,Series D — Palaeogeography + Ice + Climate,290,robart,13359.611710564524,26719.22342112905,53438.4468422581,
D,Series D — Palaeogeography + Ice + Climate,300,bqart,14510.271101074242,29020.542202148485,58041.08440429697,29679.36527119336
D,Series D — Palaeogeography + Ice + Climate,300,robart,10915.064515960652,21830.129031921304,43660.25806384261,
D,Series D — Palaeogeography + Ice + Climate,315,bqart,14607.824625190216,29215.649250380433,58431.298500760866,41849.0613882156
D,Series D — Palaeogeography + Ice + Climate,315,robart,12271.092625297304,24542.185250594608,49084.370501189216,
D,Series D — Palaeogeography + Ice + Climate,331,bqart,12521.674548696454,25043.349097392907,50086.698194785815,39377.79958226359
D,Series D — Palaeogeography + Ice + Climate,331,robart,9762.035428651005,19524.07085730201,39048.14171460402,
D,Series D — Palaeogeography + Ice + Climate,350,bqart,12518.978029554062,25037.956059108124,50075.91211821625,38215.562365629274
D,Series D — Palaeogeography + Ice + Climate,350,robart,9986.425315891947,19972.850631783895,39945.70126356779,
D,Series D — Palaeogeography + Ice + Climate,383,bqart,8990.854570270581,17981.709140541163,35963.418281082326,32705.411543745577
D,Series D — Palaeogeography + Ice + Climate,383,robart,6928.711028379119,13857.422056758238,27714.844113516476,
D,Series D — Palaeogeography + Ice + Climate,393,bqart,9780.276172915113,19560.552345830227,39121.104691660454,37271.082778029464
D,Series D — Palaeogeography + Ice + Climate,393,robart,7518.052133252077,15036.104266504153,30072.208533008306,
D,Series D — Palaeogeography + Ice + Climate,408,bqart,9679.889234890146,19359.778469780293,38719.556939560585,33730.29054035152
D,Series D — Palaeogeography + Ice + Climate,408,robart,7884.88469015364,15769.76938030728,31539.53876061456,
D,Series D — Palaeogeography + Ice + Climate,420,bqart,10368.564702398537,20737.129404797073,41474.25880959415,32526.296537914255
D,Series D — Palaeogeography + Ice + Climate,420,robart,8100.430819336342,16200.861638672684,32401.72327734537,
D,Series D — Palaeogeography + Ice + Climate,444,bqart,9837.629794555627,19675.259589111254,39350.51917822251,33426.45736964926
D,Series D — Palaeogeography + Ice + Climate,444,robart,6901.214077571942,13802.428155143883,27604.856310287767,
D,Series D — Palaeogeography + Ice + Climate,463,bqart,13118.984929343114,26237.96985868623,52475.93971737246,35346.21437242878
D,Series D — Palaeogeography + Ice + Climate,463,robart,10260.67837093259,20521.35674186518,41042.71348373036,
D,Series D — Palaeogeography + Ice + Climate,475,bqart,13039.569452714242,26079.138905428485,52158.27781085697,36981.212738561546
D,Series D — Palaeogeography + Ice + Climate,475,robart,10160.599878877161,20321.199757754322,40642.399515508645,
D,Series D — Palaeogeography + Ice + Climate,489,bqart,11074.28529946055,22148.5705989211,44297.1411978422,31370.34478813471
D,Series D — Palaeogeography + Ice + Climate,489,robart,7748.4165422645965,15496.833084529193,30993.666169058386,
D,Series D — Palaeogeography + Ice + Climate,500,bqart,10943.555267646418,21887.110535292835,43774.22107058567,31978.45750433222
D,Series D — Palaeogeography + Ice + Climate,500,robart,8620.655419450528,17241.310838901056,34482.62167780211,
D,Series D — Palaeogeography + Ice + Climate,518,bqart,10792.34764574374,21584.69529148748,43169.39058297496,29785.43283928673
D,Series D — Palaeogeography + Ice + Climate,518,robart,8266.515572449896,16533.031144899793,33066.062289799585,
D,Series D — Palaeogeography + Ice + Climate,535,bqart,13035.377146818166,26070.75429363633,52141.50858727266,29855.752232596078
D,Series D — Palaeogeography + Ice + Climate,535,robart,10051.037574533912,20102.075149067823,40204.150298135646,
D,Series D — Palaeogeography + Ice + Climate,545,bqart,11111.038905166552,22222.077810333103,44444.155620666206,32073.21028562226
D,Series D — Palaeogeography + Ice + Climate,545,robart,8156.94207030994,16313.88414061988,32627.76828123976,
