age_from,age_to,mean_distance,median_distance,p95_distance,mean_poleward,median_poleward,mean_delta_alt,median_delta_alt,mean_delta_temp,median_delta_temp,mean_delta_precip,median_delta_precip,subduction_fraction,survivor_fraction,normal_fraction,delta_Land_area,delta_Coastline_length,delta_Continents_Number,delta_Polar_Land_Area,delta_Temperate_Land_Area,delta_Subtropical_Land_Area,delta_Tropical_Land_Area,delta_Northern_Land_Area,delta_Southern_Land_Area,delta_Continental_Shelves_Area,delta_High_Altitude_Area,delta_Ocean_Area,delta_Ocean_Volume,delta_Sea_Level_dSL,delta_BQART_TSS_est,delta_ROBART_TSS_est,delta_CO2_ppm,delta_Ridge_Depth,mean_distance_z,median_distance_z,p95_distance_z,mean_poleward_z,median_poleward_z,mean_delta_alt_z,median_delta_alt_z,mean_delta_temp_z,median_delta_temp_z,mean_delta_precip_z,median_delta_precip_z,subduction_fraction_z,survivor_fraction_z,normal_fraction_z,delta_Land_area_z,delta_Coastline_length_z,delta_Continents_Number_z,delta_Polar_Land_Area_z,delta_Temperate_Land_Area_z,delta_Subtropical_Land_Area_z,delta_Tropical_Land_Area_z,delta_Northern_Land_Area_z,delta_Southern_Land_Area_z,delta_Continental_Shelves_Area_z,delta_High_Altitude_Area_z,delta_Ocean_Area_z,delta_Ocean_Volume_z,delta_Sea_Level_dSL_z,delta_BQART_TSS_est_z,delta_ROBART_TSS_est_z,delta_CO2_ppm_z,delta_Ridge_Depth_z
100.0,94.0,636.0029907226562,663.0150146484375,1532.3880615234375,0.14586085081100464,0.06566747277975082,199.91566467285156,-45.472900390625,0.23331639170646667,0.32517242431640625,-8.713631629943848,-4.089019775390625,0.138500710842466,0.11988699487816819,0.7412658958811936,-6449967989532.578,11877120.522902966,0.0,-4286516025592.129,-3442568819844.453,1955914129406.9219,-652504550096.5469,-2501550690526.4062,-3948417299006.172,1077577224680.668,393582107205.46875,6449967989532.625,-2317900000000000.0,28.929090909090917,-1826.1083796668681,-379.29700590668836,206.2130000000002,-2.461479893160231,-0.6284547412586067,-0.2949712211078871,-0.5518690879060033,0.23989141399057823,0.024446166504406994,-0.046377711899151006,-0.613000683215981,0.10871456279776848,0.14488331866246318,-0.2658932498358291,-0.1903284188992117,-0.5953712067402592,-0.5716475814058417,0.5880267827371009,-0.6271289816784187,0.0814642683029999,-0.023008272961461865,-1.5114512455453255,-0.6926278683211404,0.5168945013136435,-0.1363231874275317,-0.6625982151398431,-0.38399728447332837,0.13823915613789345,0.25169389970529804,0.6271289816784223,-1.4587198949790097,0.6462537778498659,-0.48502207135119985,-0.10758676092426057,0.5957728788113984,-0.0997940181605125
113.0,100.0,873.639892578125,745.9647216796875,2238.149658203125,1.0665189027786255,1.0373482704162598,183.08111572265625,37.06690979003906,1.2169126272201538,1.4569482803344727,68.40962219238281,50.9627685546875,0.1595472576858861,0.13366741360047202,0.7057830094527925,40840466728557.14,-114744223.95894313,0.0,10572533124645.426,14519850753044.719,8281919250528.336,7569532637384.773,22018304681203.406,18822162047353.75,-35217750945558.81,-2371289708639.5156,-40840466728557.19,3486100000000000.0,-50.970303030303086,2528.0113090133636,1664.156282623082,515.624,-13.408867446768,-0.11939327737842954,-0.1051614000743012,0.24464342460719,1.3598444412774573,1.1848020115048867,-0.19561295712643312,0.9278219006274327,0.4649579190745071,0.6827635884416298,0.8831591503401565,0.8199817793776908,-0.3016565399391903,-0.3067602183743686,0.3006059060310371,3.7398073923601896,-1.3516033450661529,-0.023008272961461865,3.105178690788344,2.988118847650766,2.087832128808592,1.7286783100359588,3.081239574023925,3.1824544934961745,-4.219847356740036,-1.1525487287722238,-3.7398073923601904,2.0217233695254944,-0.864565994551549,0.6910061883672345,0.415606306171172,1.1881212825429137,-0.46394667368607145
11.0,6.0,294.6487121582031,319.3608703613281,438.1049499511719,-0.1372496336698532,-0.1858229786157608,50.098506927490234,26.857666015625,-0.2122589498758316,-0.193267822265625,6.631930828094482,-3.290283203125,0.051825397946245876,0.049958063432882664,0.8976765415709461,2258223576241.9062,-2920295.2165836096,-1.0,1055983692763.8789,280316034697.51953,-646206436620.8203,1524843251512.5938,1106468570624.9062,1151755005617.0312,-1718485248377.461,2307408843385.6973,-2258223576241.9375,-15500000000000.0,-26.86272727272727,2534.3614220957825,2529.192001380441,-8.488,7.990069984127786,-1.3596976896011572,-1.0813384544485949,-1.7868614630929516,-0.10450403606099314,-0.2758771659607426,-1.374479839347241,0.73723952180746,-0.05266594012427974,-0.10150714656360296,-0.037261099342266166,-0.17567000853371592,-1.804966815777222,-1.9158222849052422,1.854994874552958,0.17701077147403327,-0.08600905418140524,-0.9893557373428601,0.14843586332948616,0.07024242021053156,-0.12929041794971502,0.35756376758195174,-0.11170431103048627,0.41481939502771364,-0.19749226626016278,1.2237017414659292,-0.17701077147403624,-0.07805611617212319,-0.40871520115456955,0.6927213255180912,0.6370846699704192,0.184740967762469,0.24786514924678252
120.0,113.0,608.2615356445312,382.6251220703125,1956.37890625,0.9130352735519409,0.05357241630554199,112.86933898925781,-62.41748046875,-0.1307503581047058,0.27014732360839844,33.181983947753906,10.05810546875,0.14140704440176252,0.11807595500822254,0.7399134513990886,-40587342548865.95,109826508.3067106,0.0,-4094973399885.824,-16733787594846.188,-9582129788073.258,-10294716341327.156,-22901740058743.36,-17685602490122.61,35768785889657.5,1660302676268.3438,40587342548866.0,-2347600000000000.0,28.240303030303068,1196.2654906667012,1857.9204102216027,104.28999999999996,-15.179716290767828,-0.6878819835007463,-0.9365739130840044,-0.07335904343128494,1.173136189691506,0.010002565777093627,-0.8180277155883955,-0.9293158237641772,-0.02314478779618875,0.11873245508283173,0.3583057465823917,0.06929956674874525,-0.5548119264301775,-0.6064594100709843,0.5770716204639502,-3.779473500522693,1.1900300946786286,-0.023008272961461865,-1.4519399396078563,-3.416181321620359,-2.348349359640694,-2.3234623379151147,-3.777420823387532,-2.535589819908116,4.303714334903082,0.8950448902479725,3.779473500522694,-1.476529882049269,0.6332294694670957,0.3313075973502645,0.4652164679401641,0.40064753952634574,-0.5228519883941808
133.0,120.0,575.6556396484375,362.1429748535156,1760.51806640625,0.97409987449646,0.9592589139938354,131.0548553466797,-17.15142822265625,-0.7370454668998718,0.0233612060546875,45.149051666259766,7.93115234375,0.1589497891010432,0.13078265638534253,0.7093601711670998,-8086777702835.891,-25731093.927434683,1.0,-1354594247557.5703,-2460762908016.9297,-2831451872588.4062,-1471559212106.8281,142857208838.35938,-8229634911674.266,4964612909812.27,497650934637.75195,8086777702835.875,82500000000000.0,-0.6887878787878776,-71.50877397878867,-434.3176075110987,80.38200000000006,15.82784696767203,-0.7577297429072019,-0.9834422244589818,-0.2944048050324127,1.2474194532134164,1.0915497404118624,-0.6568163875502233,-0.08430593787330573,-0.24273550668355767,0.001446525380666189,0.5366020087797337,0.03026573154324362,-0.30999450091810016,-0.3622110538750998,0.3295818733081138,-0.7782767543096929,-0.3441757716599914,0.9433391914199365,-0.6005182703188059,-0.491442339221527,-0.6719526850432539,-0.3221090378587875,-0.2588342420856027,-1.0545448333223795,0.6049669320927425,0.30454911090843334,0.7782767543096906,-0.019289155468911367,0.08620851739072109,-0.011112563042425284,-0.1216738934603601,0.3548771382270609,0.5085800721449074
140.0,133.0,874.6917724609375,693.0703735351562,2142.00634765625,0.6587784886360168,0.4646950364112854,8.440112113952637,-143.33380126953125,-0.44758573174476624,-0.2587604522705078,28.272192001342773,25.418214797973633,0.1586959728342058,0.13814587805521034,0.7021591643756512,-16541245268588.188,83126916.83284903,1.0,-1298810956772.543,-5786266793256.969,-10618019499747.906,1014995970144.0703,-5333402443335.5,-11207842825252.672,5591625095840.395,-3105169883644.6875,16541245268588.188,-5265500000000000.0,111.58363636363637,-4253.762125037887,-4072.7469528979836,-75.58800000000019,-19.440378609432173,-0.11713995935925962,-0.22619699036540733,0.13613745006096736,0.8638404035239478,0.500954467278051,-1.743774008390071,-2.439831709595104,-0.13789766384169597,-0.13263273853330051,0.2851551993637106,0.3511882314532876,-0.31353662879292277,-0.22067512446312268,0.27125179102067487,-1.5589868948720196,0.8878510269396668,0.9433391914199365,-0.5831866895708382,-1.1728838039907574,-2.605591978773466,0.24191530704254288,-1.0949822339175361,-1.521007927957805,0.6802541243870904,-1.5252769760750222,1.558986894872018,-3.2262861538441854,2.209170783782363,-1.1407204934202975,-1.053234707357212,0.056282128579683614,-0.6645781755819168
154.0,140.0,951.0302124023438,876.2945556640625,1591.498779296875,0.6438396573066711,1.88678777217865,82.556396484375,-52.06739807128906,0.0762120932340622,-0.03355216979980469,-9.20964241027832,-3.3654651641845703,0.16706190606208965,0.1455426411328287,0.6866779412872368,389983185219.34375,81562516.79777128,-1.0,4543039187159.121,-2595722482496.8438,-1184845093878.3984,-362491420047.5078,-1239728654166.8906,1629711839386.2188,-1398980952053.1797,1263321587187.082,-389983185219.3125,-95500000000000.0,29.61787878787878,1088.7887800995668,2462.986709536426,10.365999999999985,-24.526256489399657,0.04639086301502198,0.1930660843771094,-0.48515757150771516,0.8456677613190902,2.199180491805989,-1.0867464927685946,-0.7361043217296848,0.051813813737781794,-0.025601747292654294,-0.2732832696989627,-0.17704974758105654,-0.196786013654549,-0.07849446173567474,0.1458497406115894,0.004492016515671176,0.8701455521336801,-0.9893557373428601,1.2318460211607838,-0.5190974114427361,-0.2630506217605023,-0.07053962193246735,-0.4699356993417712,0.48967958956471785,-0.15912844824792807,0.693423330509597,-0.004492016515668495,-0.12602914531760223,0.6592780862326364,0.30227861837728626,0.6201338789284865,0.22083579569022205,-0.8337542394236057
15.0,11.0,175.96871948242188,121.93679809570312,355.20599365234375,-0.08806444704532623,-0.043060824275016785,23.798473358154297,-0.5691986083984375,0.12700386345386505,0.06561088562011719,8.579550743103027,-0.0821533203125,0.03967850462596819,0.038185029312444295,0.9220350572440026,-3239629607848.75,96401244.2434082,2.0,-645606616289.7969,-300410015786.7461,-1537939328739.8906,-764870892107.9766,-2638409696054.5625,-601219911794.1875,191342685595.95703,-1402179993818.629,3239629607848.75,193800000000000.0,-0.6887878787878776,-2835.778467435761,-2454.6841997459996,-2.3500000000000227,12.99094711958378,-1.6139318187835292,-1.5330944541454068,-1.8804200475738084,-0.04467172531317336,-0.10539432773127708,-1.6076249013751764,0.22524497851723077,0.07020980798931499,0.021525827233500466,-0.008243685954512346,-0.11679442181219456,-1.974482544451206,-2.1421236786353974,2.052305370815304,-0.33067699227463737,1.0380864298188246,1.909686655801335,-0.3802394698446335,-0.04875633129538755,-0.35073455640409723,-0.16181120108367122,-0.6834946645240605,0.14025894507866107,0.03182637557517171,-0.6603504411610914,0.33067699227463687,0.04745332132973634,0.08620851739072109,-0.757729447608126,-0.6389559864653089,0.19649179272377948,0.41421375798249893
165.0,154.0,755.8279418945312,743.7290649414062,1347.17333984375,0.631007194519043,1.6441020965576172,94.67737579345703,-88.0726318359375,-1.2244843244552612,-0.5376615524291992,47.067378997802734,13.795356750488281,0.16016139890031258,0.14022956445599366,0.698995876172184,-8730284947967.156,53366336.46777022,2.0,-1592323038752.539,-44286734440.4375,-2132261306727.3281,-4941819737233.445,-8039191956574.828,-691092991392.2812,4791364804202.141,-1361892061584.998,8730284947967.125,-417300000000000.0,55.79181818181817,-4215.275917048046,-4793.822806975195,-10.866999999999962,-9.92737861946398,-0.37176790273878496,-0.11027714575410003,-0.7608997917776321,0.8300574535443032,1.9093715927418966,-0.9792961936879838,-1.4082366806447533,-0.41927832814377125,-0.26518142138191986,0.5651829946093867,0.13788558725774064,-0.2930859044089977,-0.1806224811283662,0.24562830995046622,-0.8377000861625963,0.5510284789657033,1.909686655801335,-0.6743793796712548,0.0037268502088590467,-0.4983226060802541,-1.1092668830949728,-1.508118317944682,0.12618253535501234,0.5841645238902389,-0.6398887215502717,0.8377000861625924,-0.3190006550552917,1.154201804777927,-1.1303255407222532,-1.237854483018709,0.1801865180096249,-0.3481388249699168
180.0,165.0,806.0851440429688,647.142822265625,2117.02197265625,0.8250075578689575,0.4046955108642578,138.3116455078125,-10.096923828125,0.8946667313575745,0.8007164001464844,21.98629379272461,13.7738037109375,0.14703650874351926,0.12502844154458378,0.727629646367642,4117766572464.6562,-167566.51064395905,0.0,-503049317616.9531,4202641149304.242,2430172071134.8203,-2004799486385.1953,-407877825094.84375,4525644397559.484,-3724784285590.211,-3151456019188.537,-4117766572464.6875,74700000000000.0,-27.551515151515147,1846.8047811218457,2292.0322379834724,344.15200000000004,9.95217050327983,-0.26410783523055836,-0.3312907947798869,0.1079404393445375,1.0660531022698438,0.4293046000221653,-0.5924862494239493,0.047384935477681495,0.3482454354927293,0.3708871874066439,0.19150216910497342,0.1374900459624886,-0.476250048526463,-0.4728186359958215,0.4775695120729387,0.3487263836840343,-0.054854382960556926,-0.023008272961461865,-0.33594765237760615,0.8739807599135434,0.6346670341418481,-0.44306372188176785,-0.3429237524271988,0.9432562712940683,-0.438394476425223,-1.548785105553458,-0.34872638368403713,-0.023966525810595572,-0.42173950953734035,0.507015351002834,0.5763637595880925,0.8598486436107153,0.31313223794337536
200.0,180.0,790.6846923828125,525.52783203125,2231.697265625,-0.10483473539352417,0.5428496599197388,216.2084503173828,94.05561828613281,1.4990664720535278,0.8188095092773438,28.21723175048828,0.2158203125,0.18561736589713654,0.14923866888863782,0.6645298239997991,18514054337318.906,-47968738.18491274,-1.0,2440868867038.043,10519648965460.328,4858744621386.922,742177689584.3047,14550141679761.312,3963912657557.5703,-7703692451423.32,301209776228.1133,-18514054337318.875,3052100000000000.0,-132.9360606060606,4017.119755063839,3409.9047404643607,154.05399999999997,58.36717789823933,-0.2970984036369047,-0.6095765218493217,0.23736134600118108,-0.06507228029001584,0.5942846786215611,0.09805489917291181,1.9916659885003256,0.5671496813450619,0.3794859981770825,0.28433635154507325,-0.11132601089985356,0.06216433783721057,-0.007449374815141935,-0.0335559371364516,1.6781214942648344,-0.5958556753399378,-0.9893557373428601,0.5787125445151435,2.1684225070141827,1.2377547533652056,0.18003204256958788,1.940955896304127,0.8552747960580424,-0.9161536506132523,0.2047791877440149,-1.6781214942648304,1.7614696864112707,-2.414458692101274,1.0932077215252665,0.8625768805229104,0.4959176687825621,1.9236035420632216
20.0,15.0,271.72540283203125,183.58953857421875,533.18505859375,-0.1640697419643402,-0.2014392912387848,85.4892807006836,-0.2802734375,-0.543068528175354,-0.4433574676513672,-13.359240531921387,-21.1380615234375,0.062031597182992504,0.05873865476593982,0.8789682819894802,1392083018246.4062,-138824446.6620779,-1.0,-1002599683302.9375,-723383319212.2969,-351494713978.77344,3487255434505.586,515145694292.5625,876937323953.8828,-854444061540.5547,-482855366472.5488,-1392083018246.4375,-80600000000000.0,-2.7551515151515176,2103.6947768447644,3429.7393496455115,-1.511000000000024,11.77968651028823,-1.4088035873444988,-1.392017456344215,-1.6795554031129003,-0.13712989689214247,-0.29452575886651616,-1.0607470022839411,0.23063852652014852,-0.1724800571439199,-0.22036308894280832,-0.33510775771167406,-0.5032123645691376,-1.6625344048725539,-1.7470416599518033,1.7034529648664452,0.09702883156824944,-1.624137074823908,-0.9893557373428601,-0.49115537459551645,-0.13542937616052156,-0.056104619725104235,0.8026969598150163,-0.20199101527273333,0.37177595750790043,-0.09374430659816546,-0.19343735545116908,-0.09702883156825245,-0.11709416863925676,0.0471355922424086,0.5764001902378509,0.8676552104609496,0.19809800682324827,0.37392252272216325
210.0,200.0,766.9708862304688,739.0103759765625,1328.2392578125,-0.2800191044807434,-0.5638280510902405,112.26821899414062,-37.83294677734375,-3.751357078552246,-3.244617462158203,-108.4500503540039,-69.1321029663086,0.1653401137975621,0.14140704440176252,0.692853875582169,2793163341458.1875,130931651.82624072,1.0,1816455902444.3594,-1165850783396.039,1641608275951.5,472558450790.0078,7697294367892.422,-4904131026434.242,1618315253096.8164,319504296324.27734,-2793163341458.25,562200000000000.0,-9.643030303030315,-5320.951930279014,-5275.938288148827,-1309.7930000000001,-17.63765448623917,-0.34789768935316495,-0.12107469453378077,-0.7822685277952799,-0.2781788338831335,-0.7272809565393783,-0.8233565361078959,-0.47038086084065,-1.3344725900795467,-1.551671292378164,-1.7518571535872773,-1.3839988203247369,-0.2208144514329045,-0.15798894842211098,0.1958764613269496,0.22640866626118053,1.428892648042866,0.9433391914199365,0.38471065678789484,-0.22609704256871535,0.4388428901812915,0.1188744154961002,0.8946222886791755,-0.5336863578416168,0.20316715727311696,0.2140707378402428,-0.2264086662611863,0.2683691205446673,-0.08310749158529966,-1.428963688183598,-1.361292331441907,-2.3065277315334196,-0.6046125652090224
220.0,210.0,686.236083984375,597.5479736328125,1622.3099365234375,0.8190720081329346,-0.27543947100639343,149.3992919921875,-49.809295654296875,-3.087773561477661,-2.7517166137695312,-70.58151245117188,-24.904052734375,0.15248237801127304,0.13033171079225198,0.7169079686538872,-245626425553.4375,-176847102.68301028,-2.0,-657902933075.75,163650980313.78125,846746367292.4414,-560931979560.5547,2934421029413.8203,-3180047454967.25,585524613132.4492,69979038619.21094,245626425553.5,-1484600000000000.0,15.842121212121214,-9973.398217709822,-10427.631500387251,-1617.154,7.472982121679706,-0.5208463193705247,-0.4447762991908367,-0.4503845371411165,1.0588326832649118,-0.3828948419370991,-0.49419625977323656,-0.6939509027538312,-1.0941328950327136,-1.3174185117627,-1.187657224099762,-0.5723258201433417,-0.4002503280345213,-0.3708791351164259,0.3907210530428217,-0.05420202479561374,-2.0544676572454676,-1.9557032017242584,-0.3840598720525208,0.04633614666819947,0.2414547349289585,-0.11555181686790483,0.1673983748645964,-0.26365102736991247,0.07915695580741203,0.08734008734742492,0.05420202479561925,-0.9590208301424139,0.3987919185772205,-2.6855686283429647,-2.68029981136575,-2.894951535856221,0.23066479735201031
230.0,220.0,653.9017944335938,427.17724609375,1831.0155029296875,0.5870305299758911,-0.3773174285888672,196.65379333496094,-24.251747131347656,1.022113561630249,1.0398178100585938,16.584854125976562,38.303497314453125,0.16411026218004243,0.1389744096712236,0.6966395432405629,-344196899951.34375,16236145.227901638,-1.0,-281115795138.8828,-733980145060.3359,1808558268085.8984,-1118165067079.8047,341497708461.7422,-685694608413.0781,2042488197184.3945,-708087900771.2305,344196899951.3125,-107400000000000.0,0.6887878787878776,1236.209766466778,828.7533768380817,605.02,18.41682797759995,-0.5901122483728196,-0.8346274326176061,-0.21484239960373164,0.7765611543702264,-0.504554839587641,-0.07529361397945608,-0.21685205959391327,0.3944047078891492,0.4845209340396447,0.11102660686040083,0.5876588844323427,-0.23797762127458713,-0.2047490804599208,0.22654138255563602,-0.06330430927704188,0.13079858200952696,-0.9893557373428601,-0.2669940515523568,-0.1376008114608508,0.48030160220133805,-0.2419487813868599,-0.22850462563093896,0.12702805940960415,0.2540988468306604,-0.30783004598014185,0.06330430927703871,-0.13316513340299224,0.11225713415626266,0.34209636764452256,0.2017149434512733,1.3592644477826192,0.594699642248169
240.0,230.0,799.3073120117188,603.2230834960938,2029.6966552734375,1.5771152973175049,1.029344081878662,156.3761749267578,-109.34326171875,0.34921202063560486,0.3861885070800781,16.1474552154541,25.4600830078125,0.17202034610025232,0.14806354272586902,0.6793780756097867,-7426575458491.25,184259198.8726601,2.0,-1493852534409.7969,-2382686294928.9375,-1348196164026.668,-2231831481676.9453,-96671043349.67969,-7329904415141.578,3399081845845.375,1800460693617.0996,7426575458491.3125,-1676700000000000.0,86.78727272727274,3334.353221437661,2772.3767798062763,434.2380000000003,-8.535491428079695,-0.27862718415668003,-0.43179021851559657,0.009386326621733554,1.9809697076708208,1.1752436184845878,-0.4323474488105549,-1.805308915536927,0.15069016857665532,0.1738814165484353,0.10450983995728169,0.3519565966720555,-0.1275886021030506,-0.030037663078205736,0.08671887488895666,-0.7173117576409755,2.0324400269257383,1.909686655801335,-0.643785101827621,-0.4754433678105941,-0.3036156130423926,-0.494561301074905,-0.29540684451407556,-0.9136241575572567,0.4169890253118947,0.9662293341545937,0.7173117576409805,-1.0742160663779954,1.7402956820026139,0.9087955335870513,0.6993481877174178,1.0323127715782325,-0.301839247609329
250.0,240.0,845.041259765625,658.845703125,2186.37744140625,-0.16326135396957397,-0.15217727422714233,106.60462188720703,-53.443450927734375,0.7428143620491028,0.7243528366088867,60.90724563598633,46.906280517578125,0.1740742179163685,0.1483479581717069,0.676750861484578,-2537839820553.25,38184381.27614191,2.0,-184744661954.71094,302609357000.5,-1227232397270.6016,-1469959691224.0938,-928521872421.7422,-1609317948131.4844,148255591817.5586,-1412176999335.6582,2537839820553.1875,-170800000000000.0,23.41878787878788,1190.8774968682847,2199.9200764877605,467.69799999999987,-62.44013023944035,-0.1806567502264193,-0.3045116559378594,0.18621403616602164,-0.13614651703680325,-0.2356983440251295,-0.8735633046778346,-0.7617919664326752,0.29324685401404693,0.3345951478314103,0.7713819189358481,0.7455371272165784,-0.09892583473267454,-0.02457062619263708,0.06543773732745217,-0.2658716808551332,0.3792030384621593,1.909686655801335,-0.23705203750031134,0.07481062843670208,-0.2735766660099025,-0.3217462191590538,-0.4224187914286503,-0.017634843189728446,0.026652781844485638,-0.6654277909404508,0.26587168085512697,-0.17118375900078436,0.5420593107876994,0.32985232431617706,0.5527799348144883,1.096369891683388,-2.09491702732437
270.0,250.0,869.019287109375,854.5761108398438,1711.46533203125,1.0808027982711792,0.44603580236434937,150.55853271484375,44.700096130371094,-0.20991040766239166,0.18392181396484375,-17.45064926147461,-4.4656982421875,0.18827537534992908,0.16241534227143198,0.6484676088075422,-4046387953073.0625,-188915812.87638226,-1.0,-4842049622173.48,4190244862463.125,-3229032782000.6953,-160351968493.15625,4800162169057.125,-8846550122130.203,3503150673277.6562,-1100670307425.004,4046387953073.0625,104600000000000.0,-45.459999999999994,-6178.768321513842,-7648.526240337262,-47.42300000000023,15.866805642240251,-0.12929145466305525,0.14336881270790713,-0.34976502424310185,1.3772203735947228,0.4786720970364467,-0.48391979949889996,1.070315394059574,-0.05181533442829871,0.0777534925591949,-0.396065287221835,-0.1972412206086571,0.09925813600700996,0.24583278853786145,-0.16366417908332767,-0.4051754058295373,-2.1910581964158933,-0.9893557373428601,-1.6840526688723072,0.8714405903169288,-0.7706840010335114,-0.024688408753899996,0.4522708619775293,-1.1511694433386692,0.42948487467069807,-0.5072175718156016,0.40517540582953676,-0.006036606167472782,-0.7603715274893814,-1.6606560599768097,-1.9687549901808536,0.11020229557794198,0.5098759890684933
290.0,270.0,1050.80712890625,810.8446044921875,2234.006591796875,0.22604690492153168,1.925518274307251,127.8664321899414,-101.70735168457031,1.1107524633407593,0.8428478240966797,54.59818649291992,29.2607421875,0.19704792459106943,0.1700749444507212,0.6323161460098671,-2332001476957.5625,-36211064.75338602,0.0,-2305309472227.121,1333600535971.8047,597521019752.8828,-1924223621917.9375,6078479264519.75,-8410480741477.3125,3031691893094.5137,-1784865365010.5352,2332001476957.625,-422100000000000.0,101.25181818181818,538.6188362020366,2623.0019990056608,315.6400000000001,86.66534242536,0.26013116504867195,0.043300112160832134,0.23996761871427044,0.33743535427909765,2.2454314464755054,-0.685081184729637,-1.6627645771975494,0.426508348287432,0.39091028788189364,0.6773838160044849,0.4217062786694897,0.22168327284902137,0.39306574742162775,-0.29449535052031073,-0.2468639691439101,-0.46278536975881485,-0.023008272961461865,-0.8959005873675028,0.28607489496804306,0.17956457381160648,-0.42478672988279526,0.6474519417992664,-1.0828698891511654,0.3728754360769244,-0.8547113907149811,0.24686396914391542,-0.3218790368040204,2.0138061580408007,0.15368017645725796,0.6611031981439047,0.8052641663710796,2.864910471098921
300.0,290.0,734.2852172851562,534.581298828125,1457.6068115234375,0.6499853730201721,0.4405929446220398,144.922119140625,-50.44921875,1.5540393590927124,1.4523849487304688,96.08055877685547,49.37109375,0.13736599128786453,0.11843490691572829,0.7437144186469827,-6101072496988.25,124017626.0082255,-1.0,-1579226961525.2266,-989103725854.9453,-522643448430.3281,-3011997792225.9688,14995508275.546875,-6116068005263.8125,917825076518.5254,-600020271132.1406,6101072496988.25,-15100000000000.0,5.510303030303029,3130.9128091768,4889.094389207745,566.1860000000001,-31.769028261359836,-0.41791633692551683,-0.5888599096519939,-0.6362661443718153,0.8531438409595928,0.4721723783941137,-0.533885590945968,-0.7058967499229024,0.5870600114947432,0.6805948497985479,1.295425937874233,0.7907713697562184,-0.6112067629657988,-0.5995596324843698,0.6078604724623696,-0.5949109564855328,1.350641492849862,-0.9893557373428601,-0.6703104960189532,-0.1898791405782744,-0.09860600593966781,-0.6715261218689366,-0.278356929275092,-0.7235065080972434,0.11905724713177587,-0.2529438948652653,0.594910956485532,-0.07781625102639579,0.2034272928356583,0.8538471878606939,1.241299395730819,1.284919133910425,-1.0746769765798019
315.0,300.0,1081.833740234375,1025.1787109375,2017.2503662109375,0.4357571601867676,1.1424708366394043,283.0400085449219,-6.4130859375,2.0845017433166504,1.6945316791534424,-59.56623077392578,-5.892730712890625,0.20569317340162444,0.17288006534101608,0.6208088932198496,7319907409624.531,-3807639.5385819077,-1.0,-792762537500.4805,-6461464545877.18,8958616553976.09,5674300331466.227,9332504560313.016,-2012597150688.4688,-254623730518.75195,-129161311280.03125,-7319907409624.5625,-179200000000000.0,2.066363636363637,-195.10704823195556,-2712.056218673304,517.9189999999999,-2.4189795209040312,0.3265958094646424,0.5337505289471354,-0.004660378411916339,0.5925416173867224,1.3103366361009228,0.690504629220028,0.11615345583978413,0.7791852894405298,0.7956758952135803,-1.0235415362553,-0.2234301147782574,0.3423318710582976,0.44698581259439985,-0.38770717791938647,0.6444213879686717,-0.09605178761601257,-0.9893557373428601,-0.4259600556170508,-1.3112411060515239,2.255876453158111,1.2987835031916175,1.1442959355583613,-0.08079862163822898,-0.021722120092092997,-0.013800720257423432,-0.6444213879686741,-0.17622092706105968,0.1383057509218043,-0.04449590428406485,-0.7048519170074757,1.192514919441937,-0.0983802906075111
331.0,315.0,1907.6651611328125,1652.2901611328125,3386.43798828125,-0.775096595287323,-0.2801256775856018,393.1024475097656,-35.6041259765625,2.710646390914917,1.7250518798828125,67.208251953125,52.719078063964844,0.2758643483473305,0.22306899565648577,0.5001539766379192,880236335774.5,13863351.849427044,0.0,-2169850047471.3633,463861055990.1953,3866741763932.039,-1304309309806.9062,5376989387389.758,-4496753051615.266,1986504966289.0293,721583858219.2266,-880236335774.5,114100000000000.0,28.92909090909091,4172.300152987533,5018.114393292599,298.8140000000001,-34.39696794585598,2.0956769107512296,1.9687394685083246,1.5405853222437833,-0.8804258173157198,-0.38849098751112976,1.6661883328835387,-0.4287740602232648,1.0059652045330558,0.8101807229272454,0.8652600435402881,0.8522135644364176,1.321604310454269,1.4117179932731991,-1.365044294302284,0.049763419250892615,0.10394392051605157,-0.023008272961461865,-0.8538140427196595,0.10785331843137441,0.9914105621227347,-0.284171807568112,0.540344282683827,-0.46988060742574017,0.247376776090094,0.41828174596609285,-0.049763419250892775,-0.0003398089564471463,0.6462537778498657,1.1351212531599313,1.27433287490684,0.7730518201998494,-1.1620924636066492
33.0,20.0,567.9577026367188,363.5326232910156,1335.368896484375,-0.5058504343032837,-0.3905129134654999,260.2183532714844,44.76165771484375,-0.3290577530860901,-0.2159872055053711,8.994013786315918,-8.36480712890625,0.11763030542688209,0.10204218136054934,0.7801800094778996,2473759015189.0938,31113824.42983651,0.0,-941418009538.7148,-1974408589613.4219,2485655451754.336,2902730521924.828,2104269691279.6406,369489323909.4219,-1508948012740.5078,383385161578.0996,-2473759015189.125,535600000000000.0,-44.7712121212121,228.81654071055164,-2117.1672368663476,-70.80499999999995,-5.206295601360125,-0.7742201240451715,-0.9802623588432767,-0.7742221188682952,-0.5528959027779708,-0.5203125431889258,0.4881947644710572,1.0714646029012838,-0.09496866167038086,-0.11230460961357973,-0.002068638469026885,-0.2687976512340319,-0.8866277353407169,-0.9146607867172257,0.9032415178397141,0.19691394119204833,0.299180305593622,-0.023008272961461865,-0.47214654409774565,-0.39178165303176943,0.648445228855097,0.6701094012318892,0.04064591636457905,0.2922966963763673,-0.17233251577404107,0.24651500293035183,-0.19691394119205125,0.25241808835379553,-0.7473472191066103,0.0700039616368839,-0.5525402430779025,0.06543888905377142,-0.19109725595808716
350.0,331.0,2148.97314453125,2062.96044921875,3363.32373046875,-0.6467294692993164,-0.7840282320976257,342.0557861328125,13.97967529296875,1.2609541416168213,0.9338102340698242,30.219133377075195,53.67340087890625,0.29187948787958673,0.22623404919720308,0.4815728213384552,8237332605922.375,-69772759.71661717,-1.0,2543738053808.285,8652308304934.297,974308157689.75,-3859643890014.9375,4846148394435.469,3391184211486.922,-4319006293522.4727,802459632852.0,-8237332605922.375,-23700000000000.0,-46.837575757575756,5.3930382847829605,-448.77977448188176,-17.179000000000087,42.09307702187971,2.612602498972768,2.9084565172501216,1.514498899219738,-0.7242710418840264,-0.9902382648690071,1.2136688712002337,0.4968379641038162,0.4809090749835019,0.4341404781673251,0.31416250325601136,0.8697272929024709,1.5451032723735196,1.4725566878839151,-1.5155566252864041,0.7291391006320328,-0.8426279492101552,-0.9893557373428601,0.6106734703030636,1.785778733666087,0.2731321699814031,-0.8637973565578885,0.4592923131950166,0.7655709570071091,-0.5097444558572383,0.4593575056811135,-0.7291391006320322,-0.08297335165953479,-0.7864201442549231,0.009658272605626133,-0.12537669671833634,0.16810258070825745,1.3822636998956577
370.0,350.0,1517.637939453125,1222.03271484375,3851.64013671875,-0.35361602902412415,-0.7008366584777832,357.40478515625,10.67822265625,-1.944504737854004,-2.350329875946045,-34.31510543823242,-5.2511444091796875,0.2804089148746532,0.21822863706549167,0.5007453646166786,4277918600847.4688,-44917307.56385535,0.0,3912128168979.3555,351994564254.625,-2741878703155.8203,2761672774079.539,2807259119237.1953,1470659481610.2812,-691992721888.8164,-1644807317716.9453,-4277918600847.5,433500000000000.0,-78.52181818181819,-4267.38484395808,-4395.007985736975,-257.88699999999994,-5.029210716959824,1.2601676658859804,0.9842020686628032,2.065605858670986,-0.36770729481953135,-0.8908930591807055,1.3497349838138082,0.43520766993411486,-0.6800585948789052,-1.1266581189885763,-0.6473272981868917,-0.21165572550996561,1.38502591843863,1.3186765662213502,-1.3602538933953154,0.3635152880848949,-0.5613203731333875,-0.023008272961461865,1.035825221697657,0.08493033634579503,-0.6497089688935767,0.63811332714932,0.1479825358458073,0.4647679456600179,-0.07423829775277083,-0.7835777203061515,-0.3635152880848977,0.1911925099068779,-1.3855383298623802,-1.1443999288905713,-1.1357444173284548,-0.2927181385467322,-0.18520672448726563
383.0,370.0,997.6795043945312,883.1217651367188,2277.718017578125,0.34575650095939636,-0.1050800234079361,226.5310821533203,-40.861328125,13.85859203338623,10.310115814208984,328.6991271972656,287.73358154296875,0.24387231825656863,0.2028856987283295,0.5520582263146663,433470159218.4375,91061732.37238061,1.0,3888335295848.8125,3211937902566.578,-4963013388929.539,-1749475965480.2578,2931421927758.703,-2497951768540.297,-78876373529.36719,-1160852280637.5312,-433470159218.375,-26100000000000.0,6.88787878787879,11323.631762525041,10510.436560762628,-346.568,10.876553599847739,0.1463221307815071,0.20868845912130815,0.28929971292052276,0.48305850305986897,-0.17945603646440816,0.18956317171318735,-0.5269135613974537,5.043578838943271,4.89026113859662,4.761189000526487,5.165198788171533,0.8751401694098875,1.023754433651642,-0.9446059802726746,0.008507730257479317,0.9776552160698122,0.9433391914199365,1.0284328987262978,0.6709720445712019,-1.2012836177926214,-0.3851487869371318,0.16694045413301997,-0.15681749728708574,-0.0006196194458141787,-0.5377832174873506,-0.008507730257473745,-0.08441254253389917,0.2294759096012,3.0666639457731923,2.680552873379301,-0.4624924800902279,0.3438808122210083
393.0,383.0,1035.4254150390625,960.1953125,2119.2734375,-0.1301260143518448,0.2730662226676941,392.85760498046875,-19.617263793945312,-6.586513519287109,-4.708766460418701,-55.138248443603516,-75.52384948730469,0.23893780834557302,0.20679592073714206,0.553685671110609,355793426351.09375,-110419176.64055616,1.0,2806159448630.324,-1961712392606.8047,-511846682471.9414,-30790776992.445312,2545037664525.504,-2189244238174.3906,-1661402346875.2148,2812457562106.0547,-355793426351.125,-8700000000000.0,-2.066363636363647,-1578.843205289064,-1178.6822097459135,-889.3850000000002,-23.05999364656782,0.22718073640279246,0.3850521468910148,0.11048141058463791,-0.09583836588802058,0.27211633994370293,1.6640178479474832,-0.13033724237922126,-2.3613224391840633,-2.2475130122678677,-0.9575694270349715,-1.5013001268008257,0.8062767142731715,1.098916764902548,-0.9314232418563839,0.0013348346772843642,-1.3026535786295936,0.9433391914199365,0.692206444251837,-0.38918002771911,-0.0959248437251991,0.004699905924350655,0.1079449998817496,-0.10846604764678208,-0.19063815484433436,1.4802094523191842,-0.0013348346772874573,-0.07397840869475747,0.060159900625179244,-0.4182368533268774,-0.3122563753142538,-1.5016823714267682,-0.7849806388452919
408.0,393.0,1646.837158203125,1360.5257568359375,3014.744873046875,-0.028717756271362305,-0.3310009837150574,243.83245849609375,-61.82958984375,-1.2921384572982788,-1.4696564674377441,-18.260501861572266,-18.197250366210938,0.26363173809613477,0.21829258150365935,0.5174401589901957,-2640509067213.125,85862274.53802031,1.0,-4540639905835.035,437069081204.5547,1355593948109.2695,200339990561.28125,285814387731.8867,-2926323454945.0312,905128879511.8945,2023593856757.2148,2640509067213.125,-276000000000000.0,47.52636363636365,200.7738760499342,-733.6651138031284,-680.6699999999996,71.6804195074319,1.5369358904988895,1.301109028985528,1.1210977523731391,0.027521751786939767,-0.4492449501057328,0.342936757719086,-0.9183412994728429,-0.44378160955110796,-0.7081151291934119,-0.4081312080409276,-0.4492426100256838,1.1508923608519257,1.3199057069280364,-1.2250215907768063,-0.27535245789613266,0.9188090976685931,0.9433391914199365,-1.5904062245082908,0.10236327446449767,0.36781691707389286,0.057127208035548424,-0.23700668721385162,-0.22391139680414773,0.11753277751739702,1.079555781229906,0.2753524578961322,-0.23426829232708932,0.9979101041846777,0.06242976329676207,-0.19831696664603554,-1.102110290651283,2.3664536980388493
40.0,33.0,275.3372802734375,235.86061096191406,602.7671508789062,-0.23434244096279144,-0.14484238624572754,124.88195037841797,37.05364990234375,-0.634067714214325,-0.40000152587890625,-6.551912784576416,-8.90966796875,0.07292019734116673,0.06829030618009264,0.8584491786866518,3711888148473.25,95753653.91258621,-1.0,1359492780260.9102,-546736231726.375,4291314588240.297,-1348696014302.5156,3317306340716.0312,394581807757.1719,-576027457891.2695,1699191027729.5898,-3711888148473.1875,324100000000000.0,-37.88333333333334,1786.3311942331893,1887.9575540132773,-73.21699999999998,-0.5312546531999942,-1.4010662889564045,-1.272408077960223,-1.6010260421888762,-0.22261453672202688,-0.2269392122584418,-0.7115380786052461,0.92757436995859,-0.20543855605078487,-0.19975803226740874,-0.23368599580194876,-0.27879693517800325,-1.5105787614512645,-1.5634397094830734,1.5372427363828725,0.3112463887605042,1.03075717001962,-0.9893557373428601,0.24273457148509572,-0.09923195940876331,1.0968447836491646,-0.2942400264856598,0.22585958826235814,0.29622681744492874,-0.06031400836159702,0.9147957808896816,-0.31124638876049837,0.1255893925504353,-0.6171041352789027,0.49068170557446156,0.4729069913670341,0.06082126282264054,-0.03558722512865933
420.0,408.0,1453.24169921875,1225.4073486328125,2602.2626953125,-0.9451074600219727,-0.8023883700370789,316.16162109375,-38.93402099609375,0.7107784152030945,0.8002018928527832,29.31551742553711,-0.265350341796875,0.26736836860869456,0.21979154897751665,0.5121937728316951,-2456564165699.7812,11636251.082519948,-1.0,-1513346695168.0,2957913992378.836,5058784701782.691,-8967413918831.086,-7118567718511.555,4662003552811.781,662001705337.7266,-1660402646323.5078,2456564165699.8125,-60400000000000.0,18.597272727272724,-1377.3509350167878,-431.09225836540463,190.0279999999998,-41.434321251912024,1.1222192072664163,0.9919240806925085,0.6555762259826448,-1.0872389573564778,-1.0121634623462852,0.9841217606127906,-0.49093530625340653,0.28164392914115444,0.3706426660904594,0.30069961072370016,-0.12015645281452791,1.2030388338158895,1.3487188765001168,-1.2675187228029041,-0.25836645034458233,0.07873817030209972,-0.9893557373428601,-0.6498418370352425,0.6189190530792831,1.2874307310610822,-2.0223908456441837,-1.3675519173754835,0.9646135825989173,0.08833978458693598,-0.7914983859619504,0.2583664503445848,-0.1049809787800233,0.45088915210830366,-0.3638146920410801,-0.12084809513090408,0.5647876878699166,-1.3961821842566997
444.0,420.0,1700.4951171875,1441.8660888671875,3375.299560546875,-2.1666250228881836,-1.834174633026123,465.3875732421875,43.910888671875,-2.2844057083129883,-1.2714824676513672,-25.10930061340332,-26.123661041259766,0.3160440126037234,0.23084412935136017,0.45275447532607743,10095376051317.547,-56222633.36997563,-1.0,4461263682029.816,4567032000399.984,-6886437250406.117,7904132412039.773,-2755374660603.8125,12850750711921.39,-3090674225644.996,2447766800844.789,-10095376051317.625,357000000000000.0,-45.46,1061.86981568583,2398.433483528801,-535.3310000000001,-1.6858480994878846,1.6518809976608302,1.4872361946890493,1.5280146509265962,-2.573178595306027,-2.2442956851530678,2.3069829568961855,1.0555827617367375,-0.8031654736428228,-0.613932271429205,-0.5101708427047281,-0.5947080668918218,1.8823308176121305,1.5611717002435863,-1.7489929409257783,0.900716239954383,-0.6892711253358353,-0.9893557373428601,1.2064387934693188,0.9486494549108025,-1.678927701185262,1.80457544678604,-0.7013535730554933,2.2471796262959045,-0.3622550215905535,1.2949877323681351,-0.9007162399543897,0.14531830078651356,-0.7603715274893815,0.2950079264495444,0.6036060725453352,-0.8238676792058772,-0.07399349031834664
463.0,444.0,1658.6546630859375,1379.260009765625,3081.1220703125,-0.3237127661705017,0.9113715887069702,258.1056213378906,72.21611785888672,-3.566953182220459,-2.0153706073760986,-76.18637084960938,-50.39642333984375,0.23966728492700135,0.1927102948191667,0.5672207079551589,-260921843994.46875,-66206022.937645435,-1.0,3935621131944.371,20193951144.402344,3898532241476.1875,-8070782494008.664,-1406078825970.2656,1145156981975.7812,830551218354.8555,-766370442935.5195,260921843994.5,1033900000000000.0,-84.7209090909091,-6562.710269574978,-6718.928586721297,-1768.7819999999997,-1.0129255387678313,1.5622511352613149,1.3439777180146801,1.1960101143043624,-0.33133086853716226,1.0343639465449759,0.4694657762966687,1.5839742891312159,-1.2676843485553857,-0.9674676036710637,-1.271163503674117,-1.040161703085727,0.8164569102287085,0.8281627057373202,-0.8217858208996833,-0.05561444824962631,-0.8022605452446269,-0.9893557373428601,1.043124364127355,0.016939829158990637,0.999305095309784,-1.819008288275954,-0.4953350359198085,0.4137859767387678,0.10857801899514262,-0.33743099519381126,0.05561444824962893,0.5512300936436981,-1.5027571053073177,-1.76435706346211,-1.73074659023843,-3.185234052512067,-0.051609470729261184
475.0,463.0,1120.84130859375,976.1341552734375,2213.2705078125,-0.9402850866317749,-1.0725631713867188,221.13902282714844,-23.7958984375,0.9814915060997009,1.1244611740112305,30.01643180847168,29.197982788085938,0.24239218104671162,0.19191079319348725,0.5653690653284625,222233432643.57812,31624339.04620421,1.0,-3865042272994.1484,2169550137305.8516,4342599226542.664,-2390883839452.8984,5934622355129.691,-5712388922486.094,861042085181.793,-1843047937119.6484,-222233432643.625,-216700000000000.0,13.77575757575758,158.8309532577441,200.15698411086123,-77.14599999999973,1.3883454936958515,0.41015711537455846,0.421524233443037,0.2165651688901619,-1.0813726841342786,-1.3347991578138139,0.1417635366768131,-0.2083424451332232,0.3796920271380839,0.5247479765196299,0.3111424708743397,0.4205545184235629,0.854484143951301,0.812794676533473,-0.8367846217493627,-0.010998483849276174,0.3049581779251942,0.9433391914199365,-1.3805015243384595,0.45737246083006844,1.1095803041678984,-0.5306390855294556,0.6254870107080429,-0.6602800982372834,0.1122391468092008,-0.8842615664308542,0.010998483849271625,-0.19870828447300298,0.3597189934289081,0.051101167386309494,0.040773033732993826,0.05329943302906186,0.028266136014932153
489.0,475.0,1171.7581787109375,973.7042236328125,2445.064453125,-0.13102006912231445,3.552713678800501e-15,223.16795349121094,-40.80828857421875,1.7678436040878296,1.2436615228652954,47.782325744628906,41.53309631347656,0.2565282171506045,0.19663424722881281,0.5465248747787445,-2108068553376.125,17616649.165525794,0.0,-3067581142900.6484,1627512498172.4844,-1046886417743.3828,364990671426.7656,4346398088639.1406,-6454466642015.281,3239229727628.0625,-819654482341.293,2108068553376.1875,-377800000000000.0,13.086969696969703,3930.5683065073863,4824.366673225128,80.3799999999992,-20.988100499087977,0.5192303116486657,0.41596393785745867,0.478164522885614,-0.09692595681779936,-0.05397221538780575,0.15974964168600056,-0.5259234387220831,0.6644966049598416,0.5813983419241131,0.5758349216835631,0.6469284722883205,1.0517593152671516,0.9035889629068398,-0.9894276086592682,-0.22618535125506847,0.14642276836794466,-0.023008272961461865,-1.13273446407584,0.3463014966942272,-0.2287913267978282,0.09447485793915808,0.3829874552902023,-0.7765083400377936,0.39779511260802614,-0.3644932695178005,0.22618535125507383,-0.29531397191471137,0.3466946850461374,1.0698305622600817,1.224726914020022,0.35487330934958733,-0.7160614206368027
48.0,40.0,313.463134765625,244.04698181152344,775.2992553710938,-0.23772123456001282,-0.286011666059494,117.66001892089844,36.70849609375,-1.088820219039917,-0.9287605285644531,-13.780982971191406,-8.05615234375,0.08332744887583324,0.07777899389899447,0.8384328042029149,2286515101855.0938,-80994854.94373012,-1.0,1365790893736.6406,-504848778610.0156,587224104070.3438,845046876354.5469,2404879647176.7656,-118364545321.63281,-1206238685684.8398,1138658928389.7188,-2286515101855.0625,1397600000000000.0,-37.883333333333354,-3114.409271418801,-3347.977476435146,-135.077,1.0625093063999884,-1.3193937745113213,-1.2536755996731865,-1.406308759915679,-0.22672473823462788,-0.39551988130618987,-0.7755592006006201,0.9211311665877953,-0.3701428856781916,-0.4510525209246443,-0.3413912602622239,-0.2631332198567872,-1.365340569192892,-1.3810480478697007,1.375104745884229,0.1796232932876679,-0.9696367192554443,-0.9893557373428601,0.24469136285986676,-0.09064864440084713,0.1770075394774364,0.2033658201960697,0.08654483769280522,0.21588637440594557,-0.13598531898397673,0.6301087787609815,-0.17962329328766508,0.7693274773963321,-0.617104135278903,-0.8329863819464295,-0.8676692395991666,-0.05760591738372435,0.017427558108643555
500.0,489.0,1028.732666015625,939.0589599609375,2704.728759765625,-0.3127813935279846,0.20006978511810303,287.4432067871094,-6.7828216552734375,0.48172527551651,0.762737512588501,-17.58135986328125,-10.977243423461914,0.2240189432455843,0.17495629809563262,0.6003859027228562,686794279019.9688,50490265.59192222,0.0,2721384841845.91,-1406078825970.2656,-3027593120832.5312,2355194529757.1016,-829451547747.9883,1516245826767.9531,-759372539073.5977,-722783498881.2695,-686794279020.0,232600000000000.0,-16.53090909090909,261.460063628263,-1744.4777543718646,109.11400000000049,-9.293414733312147,0.21284365075383935,0.3366868489734367,0.7712179707713441,-0.3180331801530514,0.18494589962944843,0.7295381888004625,0.10925136649947782,0.19868442167104067,0.3528375937729071,-0.3980127326846571,-0.31674107161691273,0.598076788437679,0.4868951818590519,-0.5531388669520744,0.03190041674423419,0.518477852980817,-0.023008272961461865,0.6658674111438144,-0.2753230711224633,-0.7206604652727935,0.5459120250800573,-0.40729214326228486,0.4719079265654532,-0.08232879003695281,-0.31529375015580324,-0.031900416744237256,0.07072024046529368,-0.2133505754130075,0.07882083122083215,-0.4571191465864876,0.40988279198860833,-0.32705072230441723
518.0,500.0,1048.5220947265625,906.1761474609375,2483.524658203125,-0.5599000453948975,-0.36450740694999695,385.7923889160156,36.490745544433594,-0.23379169404506683,0.6176252365112305,37.709171295166016,24.90886688232422,0.24924561254848793,0.19604992059905346,0.554356106968453,-1934920417821.1562,150011699.46910602,1.0,4946818239991.953,384284892074.6289,-5446368605677.949,-1851745331919.4688,452164559535.26953,-2387084977356.4375,2560632993132.0625,2311307675537.34,1934920417821.25,1073500000000000.0,-36.50575757575757,302.415243805357,708.2796940012631,-106.65499999999975,19.51475426088018,0.25523620624620685,0.26144269225381644,0.5215701640010705,-0.618645640627285,-0.48925744612324307,1.6013859796935872,0.9170662800403626,-0.060464767301257064,0.2838724980875073,0.42575590240146977,0.3418406805514665,0.9501270712668336,0.8923570298846953,-0.9259925319724638,-0.21019634849458585,1.644835690271824,0.9433391914199365,1.3572980904099594,0.09154706844020177,-1.3213152780422812,-0.40834650755121216,-0.21160735063581318,-0.13945293846225035,0.31631401227415606,1.22568190787988,0.2101963484945941,0.5749767430707102,-0.5910555185133608,0.08988264226735435,0.17086961119852226,-0.0031937396303242187,0.6312209373672079
535.0,518.0,1692.39013671875,1481.340087890625,4133.3134765625,-2.6547842025756836,-2.4113950729370117,394.1822204589844,-87.88725280761719,-0.8223752379417419,-0.46341896057128906,20.726106643676758,-4.7647247314453125,0.3071423975947476,0.2147821103076865,0.47775165078647736,-8974311852637.844,514675.8539532721,0.0,3108668835575.6523,-5875739992634.379,-5724885179382.402,-551634764429.7188,3276018707930.7305,-12250330560568.562,1984505565185.629,-6035892021017.207,8974311852637.75,-1635900000000000.0,88.16484848484848,-4486.059002148853,-3569.0440041680304,-323.1860000000006,59.00468348208051,1.634518655407052,1.5775626462013606,2.383498388786581,-3.1670096598586706,-2.933597267456131,1.6757603256552593,-1.404776093653074,-0.27364063109205633,-0.22989738070788035,0.1727267544729578,-0.20272895353825288,1.7581045060084235,1.252427390279054,-1.5465091294551117,-0.8602342407459298,-0.04713294040935375,-0.023008272961461865,0.7861945506019274,-1.191218092611482,-1.3904793329451854,-0.11344293317571602,0.21955554619101122,-1.6842880176109964,0.24713670213507444,-3.0137528373921256,0.8602342407459201,-1.049749821513801,1.7663442987681552,-1.203462841279284,-0.924269738042623,-0.41772907356605804,1.944809455358182
545.0,535.0,1420.58154296875,1522.70947265625,2858.349853515625,-1.7310919761657715,-0.45506155490875244,395.224609375,116.73529052734375,-2.462432861328125,-1.7977101802825928,-88.92998504638672,-76.2275619506836,0.24773840683413048,0.1966299319599794,0.5552691786238843,14754280532419.094,-167519801.48987946,-1.0,5864343406344.971,-9031794634360.762,1227932187656.7969,16707395500281.227,4376389105190.2266,10377891427228.844,-10175352095453.824,5528144110807.25,-14754280532419.062,5935000000000000.0,-143.26787878787877,3848.6764833032285,3788.1910084479423,-135.9359999999997,-54.754646256480555,1.052255212527534,1.672226217655261,0.9445925549559967,-2.043365649970055,-0.5973948459036669,1.685000915703975,2.4150417038907004,-0.8676441572821343,-0.8640237560021355,-1.4610294617865416,-1.514214655101768,0.9290932918308704,0.9035060147609897,-0.9185964071890687,1.330933038826636,-1.9489036757957872,-0.9893557373428601,1.642368427515423,-1.8379370778140858,0.33611465644538985,3.8014161892644602,0.3875666626059537,1.85986697788189,-1.2129330738092743,2.8594715198822556,-1.330933038826632,3.490237757955039,-2.6098233178428356,1.0477119469683769,0.9594309431517716,-0.05925042025791173,-1.839267961491158
56.0,48.0,349.4429931640625,249.27182006835938,1206.58984375,0.1152830570936203,0.04789264127612114,171.8134307861328,-17.983816146850586,-1.4086912870407104,-1.3328495025634766,-49.87146759033203,-33.041595458984375,0.09014047376944224,0.08254403143398738,0.8268039392912289,6107270640408.797,64806724.72341257,1.0,3496252739470.8984,-414575818791.2344,-145056550052.10547,3152555689795.422,10994206817353.734,-4886936176944.953,-3334801100370.867,262521364877.20703,-6107270640408.8125,-159100000000000.0,4.132727272727294,4278.96884792301,4298.74364623811,-256.35800000000006,-13.153865213231711,-1.242318374001135,-1.2417198538369072,-0.9195603284493978,0.20269444105545995,0.003219926694684089,-0.2954989552378538,-0.09984464712536102,-0.4859952433083687,-0.6430971605002669,-0.87910013430266,-0.721665971534845,-1.2702615354957623,-1.2894544429999608,1.2809078277513828,0.5324429794902401,0.6805078330242161,0.9433391914199365,0.9066148706016939,-0.07215047387066179,-0.004839805161393616,0.7267771468962035,1.398014548899794,-0.5309932071492169,-0.39156805149852464,0.18512984409789265,-0.5324429794902412,-0.16416770348825807,0.17737867607011715,1.1639319907236085,1.0901496642394888,-0.2897909617194525,-0.4554643083680933
68.0,56.0,588.9517822265625,474.5914306640625,1819.055908203125,0.1022019013762474,0.5319039821624756,184.94044494628906,26.8759765625,-1.9391460418701172,-1.8855061531066895,-39.772518157958984,-42.860107421875,0.1291997373178172,0.11469925714608518,0.755440180958837,4267221804944.2656,-18359738.30121392,1.0,1901930299614.961,1160252460306.5078,794462028438.3711,418974501218.71875,5246028615116.672,-978806810172.4062,-3093473387189.7656,1206038745574.5,-4267221804944.25,2859200000000000.0,-28.92909090909089,-2038.6942226220635,-781.0017001800679,-647.118,14.506793730047775,-0.7292469872748443,-0.7261318367940556,-0.2283398283234431,0.18678160575817188,0.5812136359560836,-0.17913033834834727,0.7375813363098894,-0.6781177580053587,-0.9057490864172029,-0.7286367978975664,-0.9018552636344154,-0.7251707581841038,-0.6713663341986166,0.7028422854701888,0.3625275148196706,-0.2607486760325398,0.9433391914199365,0.4112671111597794,0.2505534910928042,0.22847095864962552,0.10671998905509363,0.5203484107383775,0.08111923481589776,-0.36259112512758196,0.6643301162738656,-0.36252751481966905,1.6457947198842342,-0.4477881263028817,-0.5424405570169336,-0.2104367317277212,-1.0378770421824195,0.4646367073726452
6.0,0.0,441.35430908203125,475.77679443359375,657.0733032226562,-0.21643516421318054,-0.30747973918914795,65.89356994628906,20.065109252929688,0.13596022129058838,0.3226337432861328,33.20880889892578,16.019805908203125,0.07568589236621097,0.07090241686438443,0.8528153990760617,2964711956130.4375,-27068655.17418462,0.0,558132818015.7852,1395781910287.7266,168649483072.29688,833450349954.7891,2618015804799.828,346696151330.60156,-2388384588073.6406,-1970409787406.6152,-2964711956130.375,344100000000000.0,-30.30666666666667,714.6972299605513,789.2365839711456,-15.087999999999965,-24.543964977840005,-1.0454276189751692,-0.7234194259488954,-1.5397368900846193,-0.20083086930791078,-0.42115649386196286,-1.2344594497327352,0.6104385897591444,0.07345366238867984,0.143676801992059,0.3587054091095934,0.17870866926395934,-1.4719821594149447,-1.5132296886519565,1.4916076137129068,0.24224996460817197,-0.359313943754585,-0.023008272961461865,-0.006243835819043046,0.29881671342847976,0.0730628525145994,0.20073538462301577,0.11908773768341366,0.28872670592365207,-0.2779290448896943,-0.9489470026198996,-0.2422499646081662,0.13758264983680507,-0.47383674306842366,0.20123816332752903,0.19159730965074612,0.17210567210514596,-0.8343432925706985
94.0,68.0,775.5274047851562,507.3902587890625,1951.804931640625,-0.17346438765525818,0.00529045145958662,239.3483428955078,21.34400177001953,-0.7558939456939697,-0.7486839294433594,-60.150787353515625,-41.79878234863281,0.14943697510639098,0.1294449230469878,0.7204772844248609,,,,,,,,,,,,,,,,,,,-0.3295680703960203,-0.6510798574763683,-0.07852116620110507,-0.1485582028297755,-0.047654496350082245,0.30318588032636795,0.6343124812586187,-0.2495621344235608,-0.36547051349699816,-1.032250791992406,-0.8823778301538808,-0.44275038783706744,-0.38792497908860274,0.41963346607900887,,,,,,,,,,,,,,,,,,
