source_code,status_code,n_pixels,age_from,age_to
20.0,1,1,6.0,0.0
20.0,3,9460,6.0,0.0
21.0,1,9,6.0,0.0
21.0,2,36,6.0,0.0
21.0,3,20048,6.0,0.0
56.0,3,340,6.0,0.0
94.0,2,464,6.0,0.0
94.0,3,6656,6.0,0.0
98.0,3,6108,6.0,0.0
99.0,1,82,6.0,0.0
99.0,2,500,6.0,0.0
99.0,3,273185,6.0,0.0
105.0,2,1104,6.0,0.0
105.0,3,48764,6.0,0.0
106.0,2,844,6.0,0.0
106.0,3,21299,6.0,0.0
20.0,1,3,11.0,6.0
20.0,3,7267,11.0,6.0
21.0,2,20,11.0,6.0
21.0,3,12203,11.0,6.0
56.0,3,453,11.0,6.0
94.0,2,483,11.0,6.0
94.0,3,6712,11.0,6.0
98.0,2,1,11.0,6.0
98.0,3,4614,11.0,6.0
99.0,1,25,11.0,6.0
99.0,3,186867,11.0,6.0
105.0,2,843,11.0,6.0
105.0,3,30244,11.0,6.0
106.0,1,3,11.0,6.0
106.0,2,1375,11.0,6.0
106.0,3,15855,11.0,6.0
20.0,2,9,15.0,11.0
20.0,3,4770,15.0,11.0
21.0,1,8,15.0,11.0
21.0,2,145,15.0,11.0
21.0,3,15499,15.0,11.0
56.0,3,61,15.0,11.0
94.0,2,151,15.0,11.0
94.0,3,1291,15.0,11.0
98.0,1,1,15.0,11.0
98.0,3,1723,15.0,11.0
99.0,1,125,15.0,11.0
99.0,3,162719,15.0,11.0
105.0,2,78,15.0,11.0
105.0,3,12277,15.0,11.0
106.0,3,3948,15.0,11.0
20.0,3,6152,20.0,15.0
21.0,3,19966,20.0,15.0
56.0,3,132,20.0,15.0
94.0,3,2710,20.0,15.0
98.0,3,2659,20.0,15.0
99.0,1,4,20.0,15.0
99.0,2,403,20.0,15.0
99.0,3,259196,20.0,15.0
105.0,2,546,20.0,15.0
105.0,3,19302,20.0,15.0
106.0,2,380,20.0,15.0
106.0,3,6131,20.0,15.0
20.0,3,7833,33.0,20.0
21.0,3,37256,33.0,20.0
56.0,3,68,33.0,20.0
94.0,3,2408,33.0,20.0
98.0,2,25,33.0,20.0
98.0,3,1768,33.0,20.0
99.0,1,67,33.0,20.0
99.0,2,138,33.0,20.0
99.0,3,531474,33.0,20.0
105.0,1,2,33.0,20.0
105.0,3,14358,33.0,20.0
106.0,2,520,33.0,20.0
106.0,3,4535,33.0,20.0
20.0,1,1,40.0,33.0
20.0,3,4448,40.0,33.0
21.0,1,2,40.0,33.0
21.0,2,11,40.0,33.0
21.0,3,13804,40.0,33.0
56.0,3,369,40.0,33.0
94.0,2,49,40.0,33.0
94.0,3,2580,40.0,33.0
98.0,3,1812,40.0,33.0
99.0,1,67,40.0,33.0
99.0,2,1089,40.0,33.0
99.0,3,323427,40.0,33.0
105.0,2,516,40.0,33.0
105.0,3,17904,40.0,33.0
106.0,3,7416,40.0,33.0
20.0,2,20,48.0,40.0
20.0,3,4367,48.0,40.0
21.0,2,24,48.0,40.0
21.0,3,20065,48.0,40.0
56.0,2,1,48.0,40.0
56.0,3,366,48.0,40.0
94.0,1,1,48.0,40.0
94.0,2,156,48.0,40.0
94.0,3,2902,48.0,40.0
98.0,3,3566,48.0,40.0
99.0,1,62,48.0,40.0
99.0,2,1485,48.0,40.0
99.0,3,360621,48.0,40.0
105.0,2,119,48.0,40.0
105.0,3,23534,48.0,40.0
106.0,2,481,48.0,40.0
106.0,3,9397,48.0,40.0
20.0,3,6825,56.0,48.0
21.0,1,4,56.0,48.0
21.0,2,33,56.0,48.0
21.0,3,10535,56.0,48.0
56.0,3,249,56.0,48.0
94.0,1,2,56.0,48.0
94.0,2,328,56.0,48.0
94.0,3,4964,56.0,48.0
98.0,3,5678,56.0,48.0
99.0,1,116,56.0,48.0
99.0,2,1046,56.0,48.0
99.0,3,396888,56.0,48.0
105.0,2,240,56.0,48.0
105.0,3,23517,56.0,48.0
106.0,2,839,56.0,48.0
106.0,3,10896,56.0,48.0
20.0,3,13459,68.0,56.0
21.0,1,2,68.0,56.0
21.0,2,140,68.0,56.0
21.0,3,24518,68.0,56.0
56.0,3,1807,68.0,56.0
94.0,1,2,68.0,56.0
94.0,2,997,68.0,56.0
94.0,3,9855,68.0,56.0
98.0,1,2,68.0,56.0
98.0,3,5417,68.0,56.0
99.0,1,120,68.0,56.0
99.0,2,1023,68.0,56.0
99.0,3,551844,68.0,56.0
105.0,2,448,68.0,56.0
105.0,3,28593,68.0,56.0
106.0,1,4,68.0,56.0
106.0,2,631,68.0,56.0
106.0,3,23190,68.0,56.0
20.0,3,13693,94.0,68.0
21.0,3,20749,94.0,68.0
56.0,1,1,94.0,68.0
56.0,3,5986,94.0,68.0
94.0,2,66,94.0,68.0
94.0,3,11677,94.0,68.0
98.0,2,3,94.0,68.0
98.0,3,3898,94.0,68.0
99.0,1,135,94.0,68.0
99.0,2,980,94.0,68.0
99.0,3,657950,94.0,68.0
105.0,2,1243,94.0,68.0
105.0,3,28992,94.0,68.0
106.0,1,1,94.0,68.0
106.0,2,838,94.0,68.0
106.0,3,18911,94.0,68.0
20.0,1,3,100.0,94.0
20.0,3,8801,100.0,94.0
21.0,1,2,100.0,94.0
21.0,3,11196,100.0,94.0
56.0,3,3575,100.0,94.0
94.0,1,1,100.0,94.0
94.0,2,91,100.0,94.0
94.0,3,3109,100.0,94.0
98.0,1,4,100.0,94.0
98.0,3,2556,100.0,94.0
99.0,1,212,100.0,94.0
99.0,2,1447,100.0,94.0
99.0,3,631137,100.0,94.0
105.0,1,1,100.0,94.0
105.0,3,27842,100.0,94.0
106.0,1,5,100.0,94.0
106.0,3,17885,100.0,94.0
20.0,1,1,113.0,100.0
20.0,3,6618,113.0,100.0
21.0,1,83,113.0,100.0
21.0,3,19077,113.0,100.0
56.0,1,1,113.0,100.0
56.0,3,1530,113.0,100.0
94.0,1,4,113.0,100.0
94.0,3,10427,113.0,100.0
98.0,3,4638,113.0,100.0
99.0,1,190,113.0,100.0
99.0,2,3631,113.0,100.0
99.0,3,708309,113.0,100.0
105.0,1,15,113.0,100.0
105.0,3,17972,113.0,100.0
106.0,1,16,113.0,100.0
106.0,2,1169,113.0,100.0
106.0,3,44829,113.0,100.0
20.0,3,4190,120.0,113.0
21.0,3,9216,120.0,113.0
56.0,3,2494,120.0,113.0
94.0,2,4,120.0,113.0
94.0,3,7757,120.0,113.0
98.0,1,7,120.0,113.0
98.0,2,49,120.0,113.0
98.0,3,5358,120.0,113.0
99.0,1,172,120.0,113.0
99.0,2,1095,120.0,113.0
99.0,3,635474,120.0,113.0
105.0,2,355,120.0,113.0
105.0,3,23898,120.0,113.0
106.0,1,67,120.0,113.0
106.0,2,1328,120.0,113.0
106.0,3,32531,120.0,113.0
20.0,1,6,133.0,120.0
20.0,2,546,133.0,120.0
20.0,3,8856,133.0,120.0
21.0,3,9347,133.0,120.0
56.0,3,2675,133.0,120.0
94.0,2,157,133.0,120.0
94.0,3,5490,133.0,120.0
98.0,2,328,133.0,120.0
98.0,3,4808,133.0,120.0
99.0,1,53,133.0,120.0
99.0,2,1435,133.0,120.0
99.0,3,737688,133.0,120.0
105.0,2,1055,133.0,120.0
105.0,3,20094,133.0,120.0
106.0,2,1046,133.0,120.0
106.0,3,21396,133.0,120.0
20.0,2,78,140.0,133.0
20.0,3,18713,140.0,133.0
21.0,2,22,140.0,133.0
21.0,3,29308,140.0,133.0
56.0,3,2541,140.0,133.0
94.0,2,4,140.0,133.0
94.0,3,8169,140.0,133.0
98.0,3,12919,140.0,133.0
99.0,1,18,140.0,133.0
99.0,2,3130,140.0,133.0
99.0,3,651911,140.0,133.0
105.0,2,1579,140.0,133.0
105.0,3,42697,140.0,133.0
106.0,2,262,140.0,133.0
106.0,3,42802,140.0,133.0
20.0,3,27349,154.0,140.0
21.0,1,3,154.0,140.0
21.0,3,29945,154.0,140.0
56.0,3,4099,154.0,140.0
94.0,2,24,154.0,140.0
94.0,3,5671,154.0,140.0
98.0,3,3566,154.0,140.0
99.0,1,31,154.0,140.0
99.0,2,1551,154.0,140.0
99.0,3,671446,154.0,140.0
105.0,1,1,154.0,140.0
105.0,2,1600,154.0,140.0
105.0,3,80503,154.0,140.0
106.0,1,2,154.0,140.0
106.0,2,446,154.0,140.0
106.0,3,29132,154.0,140.0
20.0,3,13294,165.0,154.0
21.0,1,1,165.0,154.0
21.0,3,37991,165.0,154.0
56.0,3,2486,165.0,154.0
94.0,3,8177,165.0,154.0
98.0,3,373,165.0,154.0
99.0,1,56,165.0,154.0
99.0,2,3063,165.0,154.0
99.0,3,676347,165.0,154.0
105.0,1,6,165.0,154.0
105.0,3,76295,165.0,154.0
106.0,3,1568,165.0,154.0
20.0,3,10876,180.0,165.0
21.0,2,36,180.0,165.0
21.0,3,22941,180.0,165.0
56.0,3,2290,180.0,165.0
94.0,2,1482,180.0,165.0
94.0,3,6050,180.0,165.0
98.0,3,1763,180.0,165.0
99.0,1,25,180.0,165.0
99.0,2,4,180.0,165.0
99.0,3,642636,180.0,165.0
105.0,2,10,180.0,165.0
105.0,3,59530,180.0,165.0
106.0,3,3532,180.0,165.0
20.0,3,10937,200.0,180.0
21.0,3,20963,200.0,180.0
56.0,3,1646,200.0,180.0
94.0,3,4415,200.0,180.0
98.0,3,3292,200.0,180.0
99.0,1,25,200.0,180.0
99.0,2,1558,200.0,180.0
99.0,3,849923,200.0,180.0
105.0,1,1,200.0,180.0
105.0,2,1545,200.0,180.0
105.0,3,43681,200.0,180.0
106.0,1,2,200.0,180.0
106.0,3,11453,200.0,180.0
20.0,3,23059,210.0,200.0
21.0,1,6,210.0,200.0
21.0,3,42239,210.0,200.0
56.0,3,1649,210.0,200.0
94.0,3,16264,210.0,200.0
98.0,1,2,210.0,200.0
98.0,3,8328,210.0,200.0
99.0,1,71,210.0,200.0
99.0,2,506,210.0,200.0
99.0,3,705065,210.0,200.0
105.0,2,1445,210.0,200.0
105.0,3,32286,210.0,200.0
106.0,1,4,210.0,200.0
106.0,3,14043,210.0,200.0
20.0,3,21921,220.0,210.0
21.0,3,30177,220.0,210.0
56.0,3,6399,220.0,210.0
94.0,3,12283,220.0,210.0
99.0,1,11,220.0,210.0
99.0,3,676216,220.0,210.0
105.0,2,1406,220.0,210.0
105.0,3,30386,220.0,210.0
20.0,3,15117,230.0,220.0
21.0,3,17531,230.0,220.0
56.0,3,4024,230.0,220.0
94.0,2,96,230.0,220.0
94.0,3,7472,230.0,220.0
98.0,3,1253,230.0,220.0
99.0,1,30,230.0,220.0
99.0,3,761138,230.0,220.0
105.0,2,1280,230.0,220.0
105.0,3,27592,230.0,220.0
106.0,3,2536,230.0,220.0
20.0,3,10419,240.0,230.0
21.0,3,15403,240.0,230.0
56.0,3,6039,240.0,230.0
94.0,2,604,240.0,230.0
94.0,3,10960,240.0,230.0
98.0,2,92,240.0,230.0
98.0,3,1767,240.0,230.0
99.0,1,2,240.0,230.0
99.0,2,1203,240.0,230.0
99.0,3,783491,240.0,230.0
105.0,2,842,240.0,230.0
105.0,3,45923,240.0,230.0
106.0,3,2988,240.0,230.0
20.0,3,10978,250.0,240.0
21.0,2,185,250.0,240.0
21.0,3,19214,250.0,240.0
56.0,3,2610,250.0,240.0
94.0,2,1259,250.0,240.0
94.0,3,15520,250.0,240.0
98.0,3,2101,250.0,240.0
99.0,1,10,250.0,240.0
99.0,2,1942,250.0,240.0
99.0,3,789743,250.0,240.0
105.0,2,820,250.0,240.0
105.0,3,46547,250.0,240.0
106.0,3,748,250.0,240.0
20.0,3,21329,270.0,250.0
21.0,2,5,270.0,250.0
21.0,3,41565,270.0,250.0
56.0,3,2610,270.0,250.0
94.0,2,1518,270.0,250.0
94.0,3,18671,270.0,250.0
99.0,1,83,270.0,250.0
99.0,2,2418,270.0,250.0
99.0,3,797003,270.0,250.0
105.0,2,267,270.0,250.0
105.0,3,78683,270.0,250.0
20.0,1,12,290.0,270.0
20.0,3,15684,290.0,270.0
21.0,3,30549,290.0,270.0
56.0,3,1221,290.0,270.0
94.0,3,12742,290.0,270.0
99.0,1,95,290.0,270.0
99.0,2,1140,290.0,270.0
99.0,3,871724,290.0,270.0
105.0,1,12,290.0,270.0
105.0,2,1601,290.0,270.0
105.0,3,72665,290.0,270.0
20.0,1,2,300.0,290.0
20.0,3,15190,300.0,290.0
21.0,1,2,300.0,290.0
21.0,3,16116,300.0,290.0
56.0,3,1226,300.0,290.0
94.0,3,3826,300.0,290.0
98.0,3,29,300.0,290.0
99.0,1,10,300.0,290.0
99.0,2,835,300.0,290.0
99.0,3,610998,300.0,290.0
105.0,2,1622,300.0,290.0
105.0,3,52868,300.0,290.0
106.0,3,63,300.0,290.0
20.0,3,20743,315.0,300.0
21.0,3,43595,315.0,300.0
56.0,3,1450,315.0,300.0
94.0,3,6913,315.0,300.0
98.0,3,5058,315.0,300.0
99.0,1,35,315.0,300.0
99.0,2,1555,315.0,300.0
99.0,3,797612,315.0,300.0
105.0,2,1560,315.0,300.0
105.0,3,157019,315.0,300.0
106.0,3,16270,315.0,300.0
20.0,3,23858,331.0,315.0
21.0,1,1,331.0,315.0
21.0,3,53474,331.0,315.0
56.0,3,1884,331.0,315.0
94.0,3,9331,331.0,315.0
98.0,3,622,331.0,315.0
99.0,1,8,331.0,315.0
99.0,2,3081,331.0,315.0
99.0,3,1074416,331.0,315.0
105.0,2,1563,331.0,315.0
105.0,3,238962,331.0,315.0
106.0,3,3858,331.0,315.0
20.0,3,28440,350.0,331.0
21.0,3,42066,350.0,331.0
56.0,3,3021,350.0,331.0
94.0,3,12025,350.0,331.0
98.0,3,3146,350.0,331.0
99.0,1,32,350.0,331.0
99.0,3,1190958,350.0,331.0
105.0,2,1567,350.0,331.0
105.0,3,202238,350.0,331.0
106.0,3,6159,350.0,331.0
20.0,3,17080,370.0,350.0
21.0,3,24318,370.0,350.0
56.0,3,3202,370.0,350.0
94.0,3,8679,370.0,350.0
98.0,3,4482,370.0,350.0
99.0,1,9,370.0,350.0
99.0,2,1558,370.0,350.0
99.0,3,1274767,370.0,350.0
105.0,2,1579,370.0,350.0
105.0,3,85087,370.0,350.0
106.0,3,11959,370.0,350.0
94.0,3,29682,383.0,370.0
98.0,3,12552,383.0,370.0
99.0,1,14,383.0,370.0
99.0,2,15,383.0,370.0
99.0,3,806721,383.0,370.0
105.0,2,1451,383.0,370.0
105.0,3,67018,383.0,370.0
106.0,1,5,383.0,370.0
106.0,2,4550,383.0,370.0
106.0,3,327331,383.0,370.0
94.0,3,52912,393.0,383.0
98.0,3,10536,393.0,383.0
99.0,1,28,393.0,383.0
99.0,2,1296,393.0,383.0
99.0,3,942845,393.0,383.0
105.0,2,170,393.0,383.0
105.0,3,60920,393.0,383.0
106.0,2,1466,393.0,383.0
106.0,3,150934,393.0,383.0
94.0,1,12,408.0,393.0
94.0,3,61730,408.0,393.0
98.0,2,152,408.0,393.0
98.0,3,13229,408.0,393.0
99.0,1,48,408.0,393.0
99.0,2,213,408.0,393.0
99.0,3,1036487,408.0,393.0
105.0,2,1106,408.0,393.0
105.0,3,88288,408.0,393.0
106.0,1,7,408.0,393.0
106.0,2,1702,408.0,393.0
106.0,3,144307,408.0,393.0
94.0,3,78245,420.0,408.0
98.0,2,1572,420.0,408.0
98.0,3,17374,420.0,408.0
99.0,1,127,420.0,408.0
99.0,2,832,420.0,408.0
99.0,3,1101359,420.0,408.0
105.0,3,93530,420.0,408.0
106.0,2,764,420.0,408.0
106.0,3,72583,420.0,408.0
94.0,3,72379,444.0,420.0
98.0,3,33556,444.0,420.0
99.0,1,59,444.0,420.0
99.0,2,181,444.0,420.0
99.0,3,1402622,444.0,420.0
105.0,2,1582,444.0,420.0
105.0,3,69236,444.0,420.0
106.0,3,33455,444.0,420.0
94.0,3,69733,463.0,444.0
98.0,3,7345,463.0,444.0
99.0,1,198,463.0,444.0
99.0,2,281,463.0,444.0
99.0,3,1078295,463.0,444.0
105.0,2,1569,463.0,444.0
105.0,3,49467,463.0,444.0
106.0,3,17026,463.0,444.0
94.0,3,52560,475.0,463.0
98.0,2,140,475.0,463.0
98.0,3,9855,475.0,463.0
99.0,1,45,475.0,463.0
99.0,2,201,475.0,463.0
99.0,3,1107108,475.0,463.0
105.0,2,1061,475.0,463.0
105.0,3,45906,475.0,463.0
106.0,2,225,475.0,463.0
106.0,3,20329,475.0,463.0
94.0,3,47208,489.0,475.0
98.0,2,622,489.0,475.0
98.0,3,6158,489.0,475.0
99.0,1,43,489.0,475.0
99.0,3,1152236,489.0,475.0
105.0,2,929,489.0,475.0
105.0,3,75228,489.0,475.0
106.0,3,26996,489.0,475.0
94.0,3,40569,500.0,489.0
98.0,3,6191,500.0,489.0
99.0,1,78,500.0,489.0
99.0,2,67,500.0,489.0
99.0,3,846514,500.0,489.0
105.0,1,1,500.0,489.0
105.0,2,1520,500.0,489.0
105.0,3,78652,500.0,489.0
106.0,1,1,500.0,489.0
106.0,2,1590,500.0,489.0
106.0,3,170162,500.0,489.0
94.0,3,40887,518.0,500.0
98.0,3,4657,518.0,500.0
99.0,1,35,518.0,500.0
99.0,2,66,518.0,500.0
99.0,3,1021857,518.0,500.0
105.0,2,1530,518.0,500.0
105.0,3,59369,518.0,500.0
106.0,2,145,518.0,500.0
106.0,3,143928,518.0,500.0
94.0,3,71927,535.0,518.0
98.0,3,13538,535.0,518.0
99.0,1,84,535.0,518.0
99.0,2,105,535.0,518.0
99.0,3,1324295,535.0,518.0
105.0,2,1462,535.0,518.0
105.0,3,52465,535.0,518.0
106.0,3,103641,535.0,518.0
94.0,1,3,545.0,535.0
94.0,3,104433,545.0,535.0
98.0,3,26776,545.0,535.0
99.0,1,29,545.0,535.0
99.0,3,979547,545.0,535.0
105.0,3,37186,545.0,535.0
106.0,2,1816,545.0,535.0
106.0,3,115072,545.0,535.0
