source_code,dest_code,n_steps,total_n_pixels,delta_alt_pooled_median_transition,delta_alt_pooled_cliffs_delta,delta_lat_signed_pooled_median_transition,delta_lat_signed_pooled_cliffs_delta,delta_lat_poleward_pooled_median_transition,delta_lat_poleward_pooled_cliffs_delta,distance_km_pooled_median_transition,distance_km_pooled_cliffs_delta
21.0,20.0,31,2676826,2.4358067511097814,0.01884178729629387,1.9697271448076228,0.0008922013377112364,0.09467667861890003,0.052078065075478394,549.2802019088758,0.11535781156757256
20.0,21.0,31,2568149,-1.0614023174554508,-0.02766544489757691,1.8449364936698536,0.03549889784975387,0.5512816486739611,0.023923417602725296,548.3656338285547,0.09664501383751131
99.0,94.0,43,2236453,2446.8756679246508,0.819824699816003,-0.9082190149733269,-0.03127372206035106,-0.7876718970362829,0.020432138764512484,997.4982595178001,-0.06302856752613335
94.0,99.0,43,1980387,-1203.0182324594246,-0.8567870445640022,0.6748509771285185,0.026402484342091893,-0.7691378995945407,-0.05327130417128457,936.7698900560383,0.1709189831101017
94.0,21.0,32,1850521,-3.182326644463417,0.024181090139987153,1.6612954347562892,0.11022708236758703,0.6794417260365371,0.05642319301501156,541.3086093400342,0.11682680227687027
99.0,21.0,32,1837632,1476.6792938985661,0.7696602620313749,0.8943919710441149,0.027564019120003877,0.4859952365543164,0.06395595679038048,637.9634902166796,-0.21353757161503728
21.0,99.0,31,1679607,-915.072748299804,-0.797553555270695,1.6866728183570618,0.061378952988462555,0.6223697018407988,0.09164896108330021,521.4488102246481,0.17198588795085076
21.0,94.0,31,1459920,-6.836005757225919,-0.029911688922988764,2.084042921096801,-0.011757187451428572,0.19678297970974515,0.0653536475891999,468.7769771583871,0.014540301563425688
99.0,106.0,40,1351682,-158.3523489884472,0.09523108854830745,1.0894145298077886,0.12531671045655735,4.454842249492756,0.32637701000814845,959.717796051085,-0.07303501373600338
106.0,99.0,36,1314626,-92.35721692399645,0.012719303425543943,-1.1318829550824554,-0.1745893583843465,-4.360465590262542,-0.29809829312298414,917.7060500806579,0.22525348443942558
99.0,105.0,43,977117,1514.9790983560424,0.7693465210275393,-1.8328685503541289,-0.1341005791170157,3.451097305721408,0.21519994359521535,810.5961751214966,-0.10389813623656567
94.0,105.0,43,877625,27.795422815318258,-0.034087559496062,-6.17538803447051,-0.37330765664647364,7.20976114353722,0.466397579768391,1115.64313608251,0.052438312706328004
105.0,99.0,43,805596,-676.1165314597292,-0.7741650023935644,-0.4015843706428867,0.012735520482929719,-0.014896950891002922,-0.11201264962277711,645.4931688627162,-0.01572162724130334
99.0,20.0,32,770661,1451.710490321092,0.7508620636838399,1.8072675914614378,0.06941458030558052,-0.06491602340998322,0.019209396720889123,655.463087498347,-0.19776485351981243
20.0,99.0,31,733834,-853.0424238583232,-0.7813695738430185,1.676467443966488,0.009640260947085264,0.9958173867890716,0.16769526146548455,518.5064782736252,0.05324065582383532
105.0,21.0,32,660090,-9.343596271320774,0.03794915761830945,5.75342141790735,0.24525011393682877,-7.448443748534767,-0.424257223004631,1062.746400779009,-0.1544320341832471
20.0,105.0,31,599115,5.788837671186388,0.03924898657706379,-1.345414035857745,-0.05892561599186998,5.479831531399053,0.5271668536176033,810.7948410028449,0.33776506961380104
105.0,20.0,32,594338,-15.507538739120875,0.01585082429031926,2.527373564643654,0.12980302849011868,-4.325020411776659,-0.36640038676497705,802.5472524658021,-0.07267894981831079
105.0,98.0,40,542092,-17.997378675708052,-0.03734406739870331,-0.49468120654479025,0.08999983284290773,1.8287626118162288,0.05669898315858583,759.2260581959124,0.14465580689204668
105.0,94.0,43,526975,-1.9517966946872827,0.004288518391655968,5.948892172750299,0.36074961677387524,-5.858544854378332,-0.3988882431656718,1162.541612016287,0.13932930414941444
21.0,105.0,31,526763,22.454659932384278,0.0824191723455669,-4.804405753736335,-0.2909602081230858,7.256029482846805,0.4400604044374167,1117.733867331847,0.3591651884279978
98.0,105.0,35,498068,5.291122905818407,-0.026302329718157838,-0.13014946321058146,-0.04369927504118428,1.2213138261927687,0.08681767887880386,804.3738262096217,-0.09548224870939233
94.0,20.0,32,402440,19.051439996169012,0.03175170961390669,1.982329338314818,-0.08022044992669893,0.6451070344212375,0.21493994104413056,774.5923599955221,0.3408723024500898
56.0,20.0,31,311803,-9.716462834264625,0.032243242473825755,1.2087467602114776,0.12800104468259974,-1.4667588505562914,-0.16640537524650068,607.7799096367232,0.16767375786452546
20.0,56.0,31,306907,-4.752623731594285,0.004729445022053538,1.9294121458420468,0.06303860880516345,1.6505321622762752,0.20084293764024985,555.9340268125851,0.14712828165524708
20.0,94.0,31,203351,-29.297830735302693,-0.07460770533790134,-1.0212768976911786,-0.06065127091536201,3.0046991150631555,0.1911709428463396,928.0888501330544,0.1444915995989545
106.0,105.0,36,188575,1478.9161146732529,0.6893425609439643,0.28979231375567277,-0.03947455928782801,0.7537099033952881,0.013842793389989925,797.1029054377381,0.03391790116315272
98.0,106.0,35,184014,-811.818430699768,-0.7474851936242075,1.2487433408263564,-0.005070222799540829,0.4042625676342162,0.004265799341369834,691.2305415314569,-0.02757589663174476
105.0,56.0,30,167499,-23.720279482632417,0.002180540654255273,0.5837662091316248,-0.04656555861370558,-2.1561971896090575,-0.2362535605898386,504.18973560114733,-0.2317222211452605
56.0,105.0,31,167090,0.970014249941014,0.012467758914555312,0.5590538747766957,0.2695362866533044,3.579623616208857,0.527234988337203,605.698721726977,0.4091797987518879
106.0,98.0,35,153929,863.6405121180303,0.6244900721548369,-0.015506153661260588,-0.022638515606143127,0.07250022969829284,-0.04664130359045791,663.2334807585971,0.030564418310485404
105.0,106.0,40,145527,-635.0478448997355,-0.7779743793571364,-0.31927723382526013,0.080786458987265,1.1343544666545882,-0.0442227784320881,739.5525021946792,0.10026721141476724
56.0,21.0,31,139462,-30.350455846426943,0.04960608286906628,-0.2945805782205221,-0.06766828246138586,0.10248217573131241,-0.11351217684484677,677.5445107896862,0.18524610853967002
21.0,56.0,31,139236,46.39478699876527,0.0662686077208817,0.5269344553591985,-0.0287086975191679,2.242986843361926,0.2838034758283416,686.7927224056418,0.3932030522538853
56.0,99.0,30,127279,-1280.2832592967986,-0.7371167393437814,1.226805761209813,0.060858468454426176,0.5583297500237999,-0.08752762378485103,596.618528872826,0.26606108229688774
99.0,98.0,39,123703,1979.3763247687498,0.8010904588552991,-2.302728798239098,-0.08735522981785497,3.8167978726628053,0.27840276667255,921.9257445964898,-0.013581648365748399
99.0,56.0,32,115004,2225.7367176141356,0.7889818901245541,1.840215717665333,0.06898978961183679,1.5006120824634854,0.05890702665940018,651.7479800334794,-0.1640941613009323
98.0,99.0,35,101787,-1229.4386970671953,-0.7352280242854264,0.2955910028756354,-0.056310747774555206,-0.17343690227831898,-0.06903886041182829,867.0663429174881,-0.029644099193959123
94.0,98.0,35,72579,7.926525912883172,-0.025484501521395055,-2.8632101958982275,-0.09795151594362582,4.233798481198832,0.40337125923382205,807.1361414570054,0.0589209025836313
98.0,94.0,25,67528,37.30868788192572,0.04388419866259047,9.140049383733604,0.3928451554117659,-8.992966278771842,-0.5886565492182287,1226.6748793102274,0.08129091170743544
94.0,56.0,25,58651,15.520512629408143,-0.011805011515458552,0.9105037249057784,0.0780333122653727,-0.9252930314688455,0.13567917273660227,827.5491273395485,0.4690881716641729
98.0,21.0,14,40874,-44.54964716590687,-0.04724443384317213,-0.8808411420842229,-0.2610634461842352,-1.951261997232379,-0.3639954040443556,447.4673527451465,-0.5409398936302355
94.0,106.0,33,37173,-1537.1889205689201,-0.8395368869490069,-1.7631273939153318,-0.010692703639156824,5.071186003155734,0.4179315419076809,842.9490488558439,0.1787622428726093
21.0,98.0,25,35130,168.4793335519623,0.27933586446762554,2.5454274929954397,0.5122153456830327,4.180514563391621,0.6746230348061022,638.7630104113534,0.6573272181784807
106.0,94.0,29,29192,1525.6090482467166,0.7555016272247571,5.502631635649375,0.19211452081734998,-4.480949896765747,-0.30196792444933346,848.3688901043748,0.06927303008251777
56.0,94.0,25,21300,-271.75729271329067,-0.21491168796429833,-0.9739066815544182,-0.05138885797938018,-0.8765403903146305,-0.32066431043302224,866.7810882725962,0.21453451878703841
20.0,98.0,12,14300,74.23806720173442,0.1940473501189837,1.9474220669019473,0.20141648581887894,5.32524335924562,0.7184280214363551,771.1928405014785,0.8067687193697668
106.0,21.0,18,11149,1876.5205901673967,0.6556836261205155,-0.7544069278979247,-0.261410866389196,-2.2494615407124146,-0.3311536226712708,506.6790979597342,-0.16106213104318992
21.0,106.0,21,9589,-1524.2458526455382,-0.8162038941618683,4.09836668974541,0.5571881091672416,4.26729059729689,0.6779699684812193,654.977323776565,0.8024481289647267
98.0,20.0,11,8093,142.76720482861467,0.24475740721872946,1.5571614233161262,0.029138940513248217,-3.45219429632163,-0.38757879793696093,527.9745747170165,-0.4371024172616817
56.0,98.0,7,7191,17.92149428700625,0.3162709046707802,3.3378071879299505,0.5787679270923534,4.887407096150754,0.7010217879538835,726.3416904093509,0.668378076284981
106.0,20.0,8,3071,1451.5884068326661,0.5165106078154673,-2.388058314685207,-0.7105201642463266,-3.7295908070045356,-0.514260922429011,500.14975437672354,-0.026786915244776065
98.0,56.0,3,2712,35.92710239556687,0.06514253841043595,-2.064666450902776,-0.6207307309439664,-2.1621314877517808,0.07066200432123115,530.0364269267844,0.20753370479182157
20.0,106.0,9,1571,-836.2913593411218,-0.8780654932712796,5.2173140733428705,0.6779579555912953,-0.3168713292219622,0.025964379620205133,819.8327008495659,0.8104355008519378
56.0,106.0,3,1151,-2516.1974917891544,-0.9306664578938613,8.635080407123581,0.946133796698523,-8.226983212057556,-0.9150295103460198,1204.3065425233153,0.9669493104524322
106.0,56.0,2,285,5224.428515625,0.917940043349854,-4.8314091414736025,-0.4151557177492704,-2.5226441902026795,-0.15295056361964862,743.4373226768092,-0.19138089880188114
